timestamp,url,title,marketing_tags,price_data,stock,assets,metadata
1659192888.527949,/catalog/Maska-meditsinskaya-odnorazovaya-trekhsloynaya-Uralets-N-N-20_656179705,"{'Название': 'Презервативы Viva ультратонкие N 12', 'Объем': '12'}","['Главная', 'Каталог', 'Планирование семьи', 'Презервативы', None]","{'current': 192.2, 'orignial': None, 'sale_tag': {'Скидка': 'None%'}}","{'in_stock': True, 'count': 'Unknown'}","{'main_image': '/images/goods/853778335.jpg', 'set_images': None}","{'__description': ['Применение', '\nКонтрацепция.']}"
1659192888.527949,/catalog/Maska-meditsinskaya-odnorazovaya-trekhsloynaya-Uralets-N-N-20_656179705,"{'Название': 'Violet ватные палочки п/э пак N 100', 'Объем': '100'}","['Главная', 'Каталог', 'Средства гигиены', 'Ватные палочки', None]","{'current': 67.7, 'orignial': None, 'sale_tag': {'Скидка': 'None%'}}","{'in_stock': True, 'count': 'Unknown'}","{'main_image': '/images/goods/218233382.jpg', 'set_images': None}",{'__description': ['\r\n\tВатные палочки в пакете для гигиенических процедур.']}
1659192888.527949,/catalog/Maska-meditsinskaya-odnorazovaya-trekhsloynaya-Uralets-N-N-20_656179705,"{'Название': 'Периндоприл тб п/о плен 4 мг N 20', 'Объем': '20'}","Главная,Каталог,Медикаменты и БАДы,Заболевания сердечно-сосудистой системы,От давления","{'current': 280.0, 'orignial': None, 'sale_tag': {'Скидка': 'None%'}}","{'in_stock': True, 'count': 'Unknown'}","{'main_image': '/images/goods/714533364.jpg', 'set_images': None}","{'__description': ['\r\n\t', ' периндоприл.']}"
1659192888.527949,/catalog/Maska-meditsinskaya-odnorazovaya-trekhsloynaya-Uralets-N-N-20_656179705,"{'Название': 'Маски медицинские нестерильные одноразовые черные N 5', 'Объем': None}","['Главная', 'Каталог', 'Изделия медицинского назначения', 'Маски медицинские', None]","{'current': 12.65, 'orignial': None, 'sale_tag': {'Скидка': 'None%'}}","{'in_stock': True, 'count': 'Unknown'}","{'main_image': '/images/goods/703462408.jpg', 'set_images': None}","{'__description': ['\r\n\t\xa0\xa0\xa0 Тип: Одноразовая, нестерильная.']}"
1659192888.527949,/catalog/Maska-meditsinskaya-odnorazovaya-trekhsloynaya-Uralets-N-N-20_656179705,"{'Название': 'Периндоприл тб п/о плен 4 мг N 20', 'Объем': '20'}","Главная,Каталог,Медикаменты и БАДы,Заболевания сердечно-сосудистой системы,От давления","{'current': 280.0, 'orignial': None, 'sale_tag': {'Скидка': 'None%'}}","{'in_stock': True, 'count': 'Unknown'}","{'main_image': '/images/goods/714533364.jpg', 'set_images': None}","{'__description': ['\r\n\t', ' периндоприл.']}"
1659192888.527949,/catalog/Maska-meditsinskaya-odnorazovaya-trekhsloynaya-Uralets-N-N-20_656179705,"{'Название': 'Маски медицинские нестерильные одноразовые черные N 5', 'Объем': None}","['Главная', 'Каталог', 'Изделия медицинского назначения', 'Маски медицинские', None]","{'current': 12.65, 'orignial': None, 'sale_tag': {'Скидка': 'None%'}}","{'in_stock': True, 'count': 'Unknown'}","{'main_image': '/images/goods/703462408.jpg', 'set_images': None}","{'__description': ['\r\n\t\xa0\xa0\xa0 Тип: Одноразовая, нестерильная.']}"
1659192888.527949,/catalog/Maska-meditsinskaya-odnorazovaya-trekhsloynaya-Uralets-N-N-20_656179705,"{'Название': 'Violet ватные палочки п/э пак N 100', 'Объем': '100'}","['Главная', 'Каталог', 'Средства гигиены', 'Ватные палочки', None]","{'current': 67.7, 'orignial': None, 'sale_tag': {'Скидка': 'None%'}}","{'in_stock': True, 'count': 'Unknown'}","{'main_image': '/images/goods/218233382.jpg', 'set_images': None}",{'__description': ['\r\n\tВатные палочки в пакете для гигиенических процедур.']}
1659192888.527949,/catalog/Maska-meditsinskaya-odnorazovaya-trekhsloynaya-Uralets-N-N-20_656179705,"{'Название': 'Презервативы Viva ультратонкие N 12', 'Объем': '12'}","['Главная', 'Каталог', 'Планирование семьи', 'Презервативы', None]","{'current': 192.2, 'orignial': None, 'sale_tag': {'Скидка': 'None%'}}","{'in_stock': True, 'count': 'Unknown'}","{'main_image': '/images/goods/853778335.jpg', 'set_images': None}","{'__description': ['Применение', '\nКонтрацепция.']}"
1659192888.527949,/catalog/Maska-meditsinskaya-odnorazovaya-trekhsloynaya-Uralets-N-N-20_656179705,"{'Название': 'Маска медицинская одноразовая трехслойная Уралец Н N 20', 'Объем': '20'}","['Главная', 'Каталог', 'Изделия медицинского назначения', 'Маски медицинские', None]","{'current': 1.0, 'orignial': None, 'sale_tag': {'Скидка': 'None%'}}","{'in_stock': True, 'count': 'Unknown'}","{'main_image': '/images/goods/656179705.jpg', 'set_images': None}",{'__description': ['Назначение']}
1659192888.527949,/catalog/Maska-meditsinskaya-odnorazovaya-trekhsloynaya-Uralets-N-N-20_656179705,"{'Название': 'Пантенол помада гигиеническая 2,8г', 'Объем': '8г'}","['Главная', 'Каталог', 'Косметика', 'Средства для губ', None]","{'current': 46.5, 'orignial': None, 'sale_tag': {'Скидка': 'None%'}}","{'in_stock': True, 'count': 'Unknown'}","{'main_image': '/images/goods/90236737.jpg', 'set_images': None}",{'__description': []}
1659192888.527949,/catalog/Maska-meditsinskaya-odnorazovaya-trekhsloynaya-Uralets-N-N-20_656179705,"{'Название': 'Пантенол помада гигиеническая 2,8г', 'Объем': '8г'}","['Главная', 'Каталог', 'Косметика', 'Средства для губ', None]","{'current': 46.5, 'orignial': None, 'sale_tag': {'Скидка': 'None%'}}","{'in_stock': True, 'count': 'Unknown'}","{'main_image': '/images/goods/90236737.jpg', 'set_images': None}",{'__description': []}
1659192888.527949,/catalog/Maska-meditsinskaya-odnorazovaya-trekhsloynaya-Uralets-N-N-20_656179705,"{'Название': 'Маска 3-х слойная одноразовая N 50', 'Объем': '50'}","['Главная', 'Каталог', 'Изделия медицинского назначения', 'Маски медицинские', None]","{'current': None, 'orignial': None, 'sale_tag': {'Скидка': 'None%'}}","{'in_stock': False, 'count': 'Unknown'}","{'main_image': None, 'set_images': None}","{'__description': ['\r\n\tМаска — одноразовое\xa0изделие, закрывающее рот и нос носителя, и обеспечивающее барьер для прямой передачи инфекционных частиц от носителя маски к другим людям.\xa0']}"
1659192888.527949,/catalog/Maska-meditsinskaya-odnorazovaya-trekhsloynaya-Uralets-N-N-20_656179705,"{'Название': 'Липримар тб п/о плен 10мг N 100', 'Объем': '10мг'}","Главная,Каталог,Медикаменты и БАДы,Заболевания сердечно-сосудистой системы,Статины","{'current': 569.8, 'orignial': None, 'sale_tag': {'Скидка': 'None%'}}","{'in_stock': True, 'count': 'Unknown'}","{'main_image': '/images/goods/563493763.jpg', 'set_images': None}",{'__description': []}
1659192888.527949,/catalog/Maska-meditsinskaya-odnorazovaya-trekhsloynaya-Uralets-N-N-20_656179705,"{'Название': 'Липримар тб п/о плен 10мг N 100', 'Объем': '10мг'}","Главная,Каталог,Медикаменты и БАДы,Заболевания сердечно-сосудистой системы,Статины","{'current': 569.8, 'orignial': None, 'sale_tag': {'Скидка': 'None%'}}","{'in_stock': True, 'count': 'Unknown'}","{'main_image': '/images/goods/563493763.jpg', 'set_images': None}",{'__description': []}
1659192888.527949,/catalog/Maska-meditsinskaya-odnorazovaya-trekhsloynaya-Uralets-N-N-20_656179705,"{'Название': 'Маска 3-х слойная одноразовая N 5', 'Объем': None}","['Главная', 'Каталог', 'Изделия медицинского назначения', 'Маски медицинские', None]","{'current': 50.0, 'orignial': None, 'sale_tag': {'Скидка': 'None%'}}","{'in_stock': True, 'count': 'Unknown'}","{'main_image': '/images/goods/420581070.jpg', 'set_images': None}",{'__description': []}
1659192888.527949,/catalog/Maska-meditsinskaya-odnorazovaya-trekhsloynaya-Uralets-N-N-20_656179705,"{'Название': 'Маска 3-х слойная одноразовая N 5', 'Объем': None}","['Главная', 'Каталог', 'Изделия медицинского назначения', 'Маски медицинские', None]","{'current': 50.0, 'orignial': None, 'sale_tag': {'Скидка': 'None%'}}","{'in_stock': True, 'count': 'Unknown'}","{'main_image': '/images/goods/420581070.jpg', 'set_images': None}",{'__description': []}
1659192888.527949,/catalog/Maska-meditsinskaya-odnorazovaya-trekhsloynaya-Uralets-N-N-20_656179705,"{'Название': 'Маска 3-х слойная одноразовая N 50', 'Объем': '50'}","['Главная', 'Каталог', 'Изделия медицинского назначения', 'Маски медицинские', None]","{'current': 500.0, 'orignial': None, 'sale_tag': {'Скидка': 'None%'}}","{'in_stock': True, 'count': 'Unknown'}","{'main_image': '/images/goods/756909505.jpg', 'set_images': None}",{'__description': []}
1659192888.527949,/catalog/Maska-meditsinskaya-odnorazovaya-trekhsloynaya-Uralets-N-N-20_656179705,"{'Название': 'Evie cosmetics крем для рук 30 мл', 'Объем': '30'}","Главная,Каталог,Косметика,Средства для рук,Крем для рук","{'current': 90.0, 'orignial': 134.3, 'sale_tag': {'Скидка': '32%'}}","{'in_stock': True, 'count': 'Unknown'}","{'main_image': '/images/goods/654348910.jpg', 'set_images': None}","{'__description': ['\r\n\t', ' (оливы, макадамии, зародышей пшеницы, ши) – обеспечивают кожу необходимым комплексом липидов для восстановления и поддержания защитного слоя. Натуральные масла помогают справиться с раздражением, смягчают и способствуют сохранению в клетках кожи живительной влаги и заметно повышает ее эластичность.', '\r\n\t', ' (содержащий Niacinamide, Calcium Pantothenate, Sodium Ascorbyl Phosphate, Tocopheryl Acetate, Pyridoxine HCl) - является ловушкой свободных радикалов, обеспечивает антиоксидантную защиту кожи, фотозащиту, увлажнение, усиление барьерной функции кожи, стимуляцию восстановления клеток, стимуляцию выработки коллагена, эластичность кожи, снижение производства меланина, осветление кожи, улучшение кожного покрова, контроль выработки кожного сала.', '\r\n\t', ' – это смесь натуральных полисахаридов растительного происхождения – инулина (Inulin), который получается из корня цикория и глюко-олигосахаридов (Alpha-glucan oligosaccharide), добываемых из сахарной свеклы. Регулирует естественное соотношение микрофлоры на поверхности кожи и восстанавливает нормальный рН. Это обеспечивает укрепление и усиление защитных функций кожи, ее сопротивляемость окружающим стрессам, уменьшает чувствительность кожи и снижается риск возникновения проблем, появляющихся в результате воздействия неблагоприятных факторов внешней среды.', '\r\n\t', ' придают коже гладкость, ровность, мягкость, улучшают внешний вид. Глубоко увлажняют, питают, снимают раздражение и нормализует работу в клетках кожи.', '\r\n\t', ' укрепляет кутикулу, восстанавливает поврежденные клетки, разглаживает поверхность кожи и заживляет микротрещинки.', '\r\n\t', ' с разветвленной структурой, полученный путем бактериальной ферментации. Выступает в роли «щита кожи», чтобы обеспечить защиту от агрессивных факторов окружающей среды. В силу своей способности образовывать мощную матрицу на поверхности, он обволакивает эпидермис как вторая кожа, защищая его от физической и химической агрессии.', '\r\n\t', ' оказывает увлажняющее, успокаивающее действие.', '\r\n\t', ' способствует восстановлению микробиома кожи.', '\r\n\tНе содержит вазелина, минеральных масел, ланолина, аммиака, фосфатов, парабенов, пропиленгликоля, силиконов, сульфатов и других вредных компонентов. Благодаря этому средство не запечатывает поры, позволяя дерме дышать.', '\r\n\t', ' INCI: Aqua, Vegetable Oil, Cetearyl Alcohol, Caprylic/-Capric Triglyceride, Glyceryl Stearate, Butyrospermum Parkii (Shea butter) Oil, Glycerin, PEG-100 Stearate, Isopropyl, Myristate, Macadamia Ternifolia Seed Oil, Aloe Barbadensis, Leaf Extract, Olea Europaea (Olive) Fruit Oil, Rosmarinus, Officinalis (Rosemary) Leaf Extract, Triticum Vulgare (Wheat), Germ Oil, Glycofilm, Niacinamide, Calcium Pantothenate, Sodium Ascorbyl Phosphate, Tocopheryl Acetate, Pyridoxine, HCI, Maltodextrin Sodium Starch Octenylsuccinate, Silica, Allantoin, Panthenol, Betaine, Acrylates/C10-30 Alkyl Acrylate, Crosspolymer, Xanthan Gum, Pentaerythrityl Tetra-di-t-butyl, Hydroxyhydrocinnamate, lnulin, Alpha-glucan, Oligosaccharide, Phenoxyethanol, Ethylhexylglycerin, Sodium, Hydroxide, Parfum.', '\r\n\t', ': нанести крем легкими массирующими движениями на кожу рук. Хранить в сухом, защищенном от света и недоступном для детей месте при температуре от +5°С до +25°С. В случае попадания в глаза промыть большим количеством воды. При необходимости обратиться к врачу. Для наружного применения.']}"
1659192888.527949,/catalog/Maska-meditsinskaya-odnorazovaya-trekhsloynaya-Uralets-N-N-20_656179705,"{'Название': 'Evie cosmetics крем для рук 30 мл', 'Объем': '30'}","Главная,Каталог,Косметика,Средства для рук,Крем для рук","{'current': 90.0, 'orignial': 134.3, 'sale_tag': {'Скидка': '32%'}}","{'in_stock': True, 'count': 'Unknown'}","{'main_image': '/images/goods/654348910.jpg', 'set_images': None}","{'__description': ['\r\n\t', ' (оливы, макадамии, зародышей пшеницы, ши) – обеспечивают кожу необходимым комплексом липидов для восстановления и поддержания защитного слоя. Натуральные масла помогают справиться с раздражением, смягчают и способствуют сохранению в клетках кожи живительной влаги и заметно повышает ее эластичность.', '\r\n\t', ' (содержащий Niacinamide, Calcium Pantothenate, Sodium Ascorbyl Phosphate, Tocopheryl Acetate, Pyridoxine HCl) - является ловушкой свободных радикалов, обеспечивает антиоксидантную защиту кожи, фотозащиту, увлажнение, усиление барьерной функции кожи, стимуляцию восстановления клеток, стимуляцию выработки коллагена, эластичность кожи, снижение производства меланина, осветление кожи, улучшение кожного покрова, контроль выработки кожного сала.', '\r\n\t', ' – это смесь натуральных полисахаридов растительного происхождения – инулина (Inulin), который получается из корня цикория и глюко-олигосахаридов (Alpha-glucan oligosaccharide), добываемых из сахарной свеклы. Регулирует естественное соотношение микрофлоры на поверхности кожи и восстанавливает нормальный рН. Это обеспечивает укрепление и усиление защитных функций кожи, ее сопротивляемость окружающим стрессам, уменьшает чувствительность кожи и снижается риск возникновения проблем, появляющихся в результате воздействия неблагоприятных факторов внешней среды.', '\r\n\t', ' придают коже гладкость, ровность, мягкость, улучшают внешний вид. Глубоко увлажняют, питают, снимают раздражение и нормализует работу в клетках кожи.', '\r\n\t', ' укрепляет кутикулу, восстанавливает поврежденные клетки, разглаживает поверхность кожи и заживляет микротрещинки.', '\r\n\t', ' с разветвленной структурой, полученный путем бактериальной ферментации. Выступает в роли «щита кожи», чтобы обеспечить защиту от агрессивных факторов окружающей среды. В силу своей способности образовывать мощную матрицу на поверхности, он обволакивает эпидермис как вторая кожа, защищая его от физической и химической агрессии.', '\r\n\t', ' оказывает увлажняющее, успокаивающее действие.', '\r\n\t', ' способствует восстановлению микробиома кожи.', '\r\n\tНе содержит вазелина, минеральных масел, ланолина, аммиака, фосфатов, парабенов, пропиленгликоля, силиконов, сульфатов и других вредных компонентов. Благодаря этому средство не запечатывает поры, позволяя дерме дышать.', '\r\n\t', ' INCI: Aqua, Vegetable Oil, Cetearyl Alcohol, Caprylic/-Capric Triglyceride, Glyceryl Stearate, Butyrospermum Parkii (Shea butter) Oil, Glycerin, PEG-100 Stearate, Isopropyl, Myristate, Macadamia Ternifolia Seed Oil, Aloe Barbadensis, Leaf Extract, Olea Europaea (Olive) Fruit Oil, Rosmarinus, Officinalis (Rosemary) Leaf Extract, Triticum Vulgare (Wheat), Germ Oil, Glycofilm, Niacinamide, Calcium Pantothenate, Sodium Ascorbyl Phosphate, Tocopheryl Acetate, Pyridoxine, HCI, Maltodextrin Sodium Starch Octenylsuccinate, Silica, Allantoin, Panthenol, Betaine, Acrylates/C10-30 Alkyl Acrylate, Crosspolymer, Xanthan Gum, Pentaerythrityl Tetra-di-t-butyl, Hydroxyhydrocinnamate, lnulin, Alpha-glucan, Oligosaccharide, Phenoxyethanol, Ethylhexylglycerin, Sodium, Hydroxide, Parfum.', '\r\n\t', ': нанести крем легкими массирующими движениями на кожу рук. Хранить в сухом, защищенном от света и недоступном для детей месте при температуре от +5°С до +25°С. В случае попадания в глаза промыть большим количеством воды. При необходимости обратиться к врачу. Для наружного применения.']}"
1659192888.527949,/catalog/Maska-meditsinskaya-odnorazovaya-trekhsloynaya-Uralets-N-N-20_656179705,"{'Название': 'Aqvitel вода питьевая природная негазированная 0,25л', 'Объем': '25л'}","Главная,Каталог,Диетическое питание, напитки,Вода,Негазированная питьевая вода","{'current': 32.8, 'orignial': None, 'sale_tag': {'Скидка': 'None%'}}","{'in_stock': True, 'count': 'Unknown'}","{'main_image': '/images/goods/768921830.jpg', 'set_images': None}",{'__description': ['Природная питьевая вода без газа в удобном мини-формате.']}
1659192888.527949,/catalog/Maska-meditsinskaya-odnorazovaya-trekhsloynaya-Uralets-N-N-20_656179705,"{'Название': 'Aqvitel вода питьевая природная негазированная 0,25л', 'Объем': '25л'}","Главная,Каталог,Диетическое питание, напитки,Вода,Негазированная питьевая вода","{'current': 32.8, 'orignial': None, 'sale_tag': {'Скидка': 'None%'}}","{'in_stock': True, 'count': 'Unknown'}","{'main_image': '/images/goods/768921830.jpg', 'set_images': None}",{'__description': ['Природная питьевая вода без газа в удобном мини-формате.']}
1659192888.527949,/catalog/Salfetka-antisepticheskaya-spirtovaya-sterilnaya-60h100mm-N-20_951671666/pharmacies,"{'Название': 'Аптечный стандарт эфирное масло эвкалипт 10мл', 'Объем': '10мл'}","Главная,Каталог,Косметика,Масла косметические,Эфирное масло","{'current': 90.0, 'orignial': None, 'sale_tag': {'Скидка': 'None%'}}","{'in_stock': True, 'count': 'Unknown'}","{'main_image': '/images/goods/477051494.jpg', 'set_images': None}","{'__description': ['Эвкалипт поражает своей мощью, великолепием, ведь это самое высокое дерево в мире. Существует свыше 600 различных видов эвкалипта и каждый имеет свой особенный запах.']}"
1659192888.527949,/catalog/Salfetka-antisepticheskaya-spirtovaya-sterilnaya-60h100mm-N-20_951671666/pharmacies,"{'Название': 'АнвиМакс со вкусом клюквы порошок N 6', 'Объем': None}","Главная,Каталог,Медикаменты и БАДы,Простудные заболевания,Горячие напитки при простуде","{'current': 263.8, 'orignial': None, 'sale_tag': {'Скидка': 'None%'}}","{'in_stock': True, 'count': 'Unknown'}","{'main_image': '/images/goods/750542685.jpg', 'set_images': None}",{'__description': []}
1659192888.527949,/catalog/Salfetka-antisepticheskaya-spirtovaya-sterilnaya-60h100mm-N-20_951671666/pharmacies,"{'Название': 'Пантенол крем увлажняющий для лица и тела для сухой кожи 50 мл', 'Объем': '50'}","Главная,Каталог,Косметика,Средства для тела,Крем для тела, лосьон, бальзам","{'current': 200.2, 'orignial': None, 'sale_tag': {'Скидка': 'None%'}}","{'in_stock': True, 'count': 'Unknown'}","{'main_image': '/images/goods/770368772.jpg', 'set_images': None}","{'__description': ['\r\n\tПантенол обеспечивает быстрое и глубокое увлажнение и рекомендуется для ухода за сухой и раздраженной кожей, избавляя от ощущений сухости и стянутости. Он помогает кожным покровам защищаться от воздействия негативных факторов внешней среды и усиливает способность эпидермиса удерживать влагу, ускоряет процессы регенерации, смягчает и успокаивает, возвращая коже эластичность и ухоженый вид.']}"
1659192888.527949,/catalog/Balzam-universalnyy-s-efirnym-maslom-evkalipta-7-ml_388739116/pharmacies,"{'Название': 'ТриоСмарт гель для наруж прим 2,5% 30 г', 'Объем': '30'}","Главная,Каталог,Медикаменты и БАДы,Обезболивающие средства,Обезболивающее наружное","{'current': 254.0, 'orignial': None, 'sale_tag': {'Скидка': 'None%'}}","{'in_stock': True, 'count': 'Unknown'}","{'main_image': '/images/goods/680079284.jpg', 'set_images': None}",{'__description': []}
1659192888.527949,/catalog/Kuk-lya-kuk-Kalamin-loson-fl-100ml_753058772,"{'Название': 'Фламадекс тб п/о плен 25 мг N 10', 'Объем': '25'}","Главная,Каталог,Медикаменты и БАДы,Обезболивающие средства,Мышечная боль","{'current': 289.0, 'orignial': None, 'sale_tag': {'Скидка': 'None%'}}","{'in_stock': True, 'count': 'Unknown'}","{'main_image': '/images/goods/824867576.jpg', 'set_images': None}",{'__description': ['\r\n\t']}
1659192888.527949,/catalog/Kuk-lya-kuk-Kalamin-loson-fl-100ml_753058772,"{'Название': 'Пантенол крем увлажняющий для лица и тела для сухой кожи 50 мл', 'Объем': '50'}","Главная,Каталог,Косметика,Средства для тела,Крем для тела, лосьон, бальзам","{'current': 200.2, 'orignial': None, 'sale_tag': {'Скидка': 'None%'}}","{'in_stock': True, 'count': 'Unknown'}","{'main_image': '/images/goods/770368772.jpg', 'set_images': None}","{'__description': ['\r\n\tПантенол обеспечивает быстрое и глубокое увлажнение и рекомендуется для ухода за сухой и раздраженной кожей, избавляя от ощущений сухости и стянутости. Он помогает кожным покровам защищаться от воздействия негативных факторов внешней среды и усиливает способность эпидермиса удерживать влагу, ускоряет процессы регенерации, смягчает и успокаивает, возвращая коже эластичность и ухоженый вид.']}"
1659192888.527949,/catalog/Antatsidin-tb-zhevat-myatnyy-vkus-bez-sahara-N-27_753421702/pharmacies,"{'Название': 'Кальций + витамин D3 + витамин К2 тб по 1800 мг N 60', 'Объем': '1800'}","Главная,Каталог,Медикаменты и БАДы,Витамины и микроэлементы,Витамины с кальцием","{'current': 471.0, 'orignial': None, 'sale_tag': {'Скидка': 'None%'}}","{'in_stock': True, 'count': 'Unknown'}","{'main_image': '/images/goods/662494663.jpg', 'set_images': None}",{'__description': ['\r\n\t']}
1659192888.527949,/catalog/Antatsidin-tb-zhevat-myatnyy-vkus-bez-sahara-N-27_753421702/pharmacies,"{'Название': 'ТриоСмарт гель для наруж прим 2,5% 30 г', 'Объем': '30'}","Главная,Каталог,Медикаменты и БАДы,Обезболивающие средства,Обезболивающее наружное","{'current': 254.0, 'orignial': None, 'sale_tag': {'Скидка': 'None%'}}","{'in_stock': True, 'count': 'Unknown'}","{'main_image': '/images/goods/680079284.jpg', 'set_images': None}",{'__description': []}
1659192888.527949,/catalog/Maslo_sprey-dlya-oblegcheniya-dyhaniya-kompozitsiya-naturalnyh-efirnyh-masel-45-ml_399548774/pharmacies,"{'Название': 'Кальций + витамин D3 + витамин К2 тб по 1800 мг N 60', 'Объем': '1800'}","Главная,Каталог,Медикаменты и БАДы,Витамины и микроэлементы,Витамины с кальцием","{'current': 471.0, 'orignial': None, 'sale_tag': {'Скидка': 'None%'}}","{'in_stock': True, 'count': 'Unknown'}","{'main_image': '/images/goods/662494663.jpg', 'set_images': None}",{'__description': ['\r\n\t']}
1659192888.527949,/catalog/Maslo_sprey-dlya-oblegcheniya-dyhaniya-kompozitsiya-naturalnyh-efirnyh-masel-45-ml_399548774/pharmacies,"{'Название': 'Сироп первоцвета с витамином С 150 мл', 'Объем': '150'}","['Главная', 'Каталог', 'Медикаменты и БАДы', 'Заболевания органов дыхания', None]","{'current': 326.0, 'orignial': None, 'sale_tag': {'Скидка': 'None%'}}","{'in_stock': True, 'count': 'Unknown'}","{'main_image': '/images/goods/302593111.jpg', 'set_images': None}","{'__description': ['Биологически активная добавка к пище ""сироп первоцвета""']}"
1659192888.527949,/catalog/Maslo_sprey-dlya-oblegcheniya-dyhaniya-kompozitsiya-naturalnyh-efirnyh-masel-45-ml_399548774/pharmacies,"{'Название': 'Фламадекс тб п/о плен 25 мг N 10', 'Объем': '25'}","Главная,Каталог,Медикаменты и БАДы,Обезболивающие средства,Мышечная боль","{'current': 289.0, 'orignial': None, 'sale_tag': {'Скидка': 'None%'}}","{'in_stock': True, 'count': 'Unknown'}","{'main_image': '/images/goods/824867576.jpg', 'set_images': None}",{'__description': ['\r\n\t']}
1659192888.527949,/catalog/Maslo_sprey-dlya-oblegcheniya-dyhaniya-kompozitsiya-naturalnyh-efirnyh-masel-45-ml_399548774/pharmacies,"{'Название': 'Сироп первоцвета с витамином С 150 мл', 'Объем': '150'}","['Главная', 'Каталог', 'Медикаменты и БАДы', 'Заболевания органов дыхания', None]","{'current': 326.0, 'orignial': None, 'sale_tag': {'Скидка': 'None%'}}","{'in_stock': True, 'count': 'Unknown'}","{'main_image': '/images/goods/302593111.jpg', 'set_images': None}","{'__description': ['Биологически активная добавка к пище ""сироп первоцвета""']}"
1659192888.527949,/catalog/Maslo_sprey-dlya-oblegcheniya-dyhaniya-kompozitsiya-naturalnyh-efirnyh-masel-45-ml_399548774/pharmacies,"{'Название': 'Салфетка антисептическая спиртовая стерильная 60х100мм N 20', 'Объем': '60х1'}","['Главная', 'Каталог', 'Перевязочные средства', 'Стерильные салфетки, повязки', None]","{'current': 38.0, 'orignial': None, 'sale_tag': {'Скидка': 'None%'}}","{'in_stock': True, 'count': 'Unknown'}","{'main_image': '/images/goods/951671666.jpg', 'set_images': None}",{'__description': ['Салфетка антисептическая из\xa0бумажного текстиле-подобного материала стерильная\xa0спиртовая\xa0(70% этиловый спирт). Обеспечивает надежную санацию неповреждённой кожи и\xa0поверхностей.']}
1659192888.527949,/catalog/Maslo_sprey-dlya-oblegcheniya-dyhaniya-kompozitsiya-naturalnyh-efirnyh-masel-45-ml_399548774/pharmacies,"{'Название': 'Салфетка антисептическая спиртовая стерильная 60х100мм N 20', 'Объем': '60х1'}","['Главная', 'Каталог', 'Перевязочные средства', 'Стерильные салфетки, повязки', None]","{'current': 38.0, 'orignial': None, 'sale_tag': {'Скидка': 'None%'}}","{'in_stock': True, 'count': 'Unknown'}","{'main_image': '/images/goods/951671666.jpg', 'set_images': None}",{'__description': ['Салфетка антисептическая из\xa0бумажного текстиле-подобного материала стерильная\xa0спиртовая\xa0(70% этиловый спирт). Обеспечивает надежную санацию неповреждённой кожи и\xa0поверхностей.']}
1659192888.527949,/catalog/Maslo_sprey-dlya-oblegcheniya-dyhaniya-kompozitsiya-naturalnyh-efirnyh-masel-45-ml_399548774/pharmacies,"{'Название': 'АнвиМакс со вкусом черной смородины порошок N 3', 'Объем': None}","Главная,Каталог,Медикаменты и БАДы,Простудные заболевания,Горячие напитки при простуде","{'current': 147.0, 'orignial': None, 'sale_tag': {'Скидка': 'None%'}}","{'in_stock': True, 'count': 'Unknown'}","{'main_image': '/images/goods/560642685.jpg', 'set_images': None}",{'__description': ['\r\n\t']}
1659192888.527949,/catalog/Maslo_sprey-dlya-oblegcheniya-dyhaniya-kompozitsiya-naturalnyh-efirnyh-masel-45-ml_399548774/pharmacies,"{'Название': 'АнвиМакс со вкусом черной смородины порошок N 3', 'Объем': None}","Главная,Каталог,Медикаменты и БАДы,Простудные заболевания,Горячие напитки при простуде","{'current': 147.0, 'orignial': None, 'sale_tag': {'Скидка': 'None%'}}","{'in_stock': True, 'count': 'Unknown'}","{'main_image': '/images/goods/560642685.jpg', 'set_images': None}",{'__description': ['\r\n\t']}
1659192888.527949,/catalog/Maslo_sprey-dlya-oblegcheniya-dyhaniya-kompozitsiya-naturalnyh-efirnyh-masel-45-ml_399548774/pharmacies,"{'Название': 'Норваск тб 10мг N 30', 'Объем': '10мг'}","Главная,Каталог,Медикаменты и БАДы,Заболевания сердечно-сосудистой системы,От давления","{'current': 172.1, 'orignial': None, 'sale_tag': {'Скидка': 'None%'}}","{'in_stock': True, 'count': 'Unknown'}","{'main_image': '/images/goods/49453630.jpg', 'set_images': None}",{'__description': []}
1659192888.527949,/catalog/Maslo_sprey-dlya-oblegcheniya-dyhaniya-kompozitsiya-naturalnyh-efirnyh-masel-45-ml_399548774/pharmacies,"{'Название': 'Норваск тб 10мг N 30', 'Объем': '10мг'}","Главная,Каталог,Медикаменты и БАДы,Заболевания сердечно-сосудистой системы,От давления","{'current': 172.1, 'orignial': None, 'sale_tag': {'Скидка': 'None%'}}","{'in_stock': True, 'count': 'Unknown'}","{'main_image': '/images/goods/49453630.jpg', 'set_images': None}",{'__description': []}
1659192888.527949,/catalog/Maslo_sprey-dlya-oblegcheniya-dyhaniya-kompozitsiya-naturalnyh-efirnyh-masel-45-ml_399548774/pharmacies,"{'Название': 'Бальзам универсальный с эфирным маслом эвкалипта 7 мл', 'Объем': None}","Главная,Каталог,Медикаменты и БАДы,Заболевания суставов,Бальзамы, крема для суставов","{'current': 168.0, 'orignial': None, 'sale_tag': {'Скидка': 'None%'}}","{'in_stock': True, 'count': 'Unknown'}","{'main_image': '/images/goods/388739116.jpg', 'set_images': None}","{'__description': ['Масло косметическое ""Бальзам универсальный с эфирным маслом эвкалипта""']}"
1659192888.527949,/catalog/Maslo_sprey-dlya-oblegcheniya-dyhaniya-kompozitsiya-naturalnyh-efirnyh-masel-45-ml_399548774/pharmacies,"{'Название': 'Маска медицинская одноразовая нестерильная трехслойная N 10', 'Объем': '10'}","['Главная', 'Каталог', 'Изделия медицинского назначения', 'Маски медицинские', None]","{'current': 100.0, 'orignial': None, 'sale_tag': {'Скидка': 'None%'}}","{'in_stock': True, 'count': 'Unknown'}","{'main_image': '/images/goods/688041179.jpg', 'set_images': None}",{'__description': []}
1659192888.527949,/catalog/Maslo_sprey-dlya-oblegcheniya-dyhaniya-kompozitsiya-naturalnyh-efirnyh-masel-45-ml_399548774/pharmacies,"{'Название': 'Бальзам универсальный с эфирным маслом эвкалипта 7 мл', 'Объем': None}","Главная,Каталог,Медикаменты и БАДы,Заболевания суставов,Бальзамы, крема для суставов","{'current': 168.0, 'orignial': None, 'sale_tag': {'Скидка': 'None%'}}","{'in_stock': True, 'count': 'Unknown'}","{'main_image': '/images/goods/388739116.jpg', 'set_images': None}","{'__description': ['Масло косметическое ""Бальзам универсальный с эфирным маслом эвкалипта""']}"
1659192888.527949,/catalog/Maslo_sprey-dlya-oblegcheniya-dyhaniya-kompozitsiya-naturalnyh-efirnyh-masel-45-ml_399548774/pharmacies,"{'Название': 'Sun and Go спрей солнцезащитный водостойкий с оливковым маслом SPF 30 150 мл', 'Объем': '30'}","['Главная', 'Каталог', 'Летние серии', 'Для загара', None]","{'current': 190.0, 'orignial': 286.1, 'sale_tag': {'Скидка': '33%'}}","{'in_stock': True, 'count': 'Unknown'}","{'main_image': '/images/goods/682408151.jpg', 'set_images': None}",{'__description': ['\r\n\t']}
1659192888.527949,/catalog/Maslo_sprey-dlya-oblegcheniya-dyhaniya-kompozitsiya-naturalnyh-efirnyh-masel-45-ml_399548774/pharmacies,"{'Название': 'Аптечный стандарт масло плодов облепихи нерафинированное 50 мл', 'Объем': '50'}","['Главная', 'Каталог', 'Диетическое питание, напитки', 'Масло пищевое', None]","{'current': 195.0, 'orignial': None, 'sale_tag': {'Скидка': 'None%'}}","{'in_stock': True, 'count': 'Unknown'}","{'main_image': '/images/goods/376441494.jpg', 'set_images': None}","{'__description': ['БИОЛОИ1ЕСИ АКТИВНАЯ ДОБАВКА К ПИЩЕ «МАСЛО ПЛОДОВ ОБЛЕПИХИ НЕРАФИНИРОВАННОЕ', '\n', 'рекомендуется в качестве биологически активной добавки к пище\xa0 - дополнительного источника полиненасыщенных жирных кислот, витамина Е, каротиноидов.', '\n', 'масло облепихи, масло подсолнечное.']}"
1659192888.527949,/catalog/Maslo_sprey-dlya-oblegcheniya-dyhaniya-kompozitsiya-naturalnyh-efirnyh-masel-45-ml_399548774/pharmacies,"{'Название': 'Аптечный стандарт масло плодов облепихи нерафинированное 50 мл', 'Объем': '50'}","['Главная', 'Каталог', 'Диетическое питание, напитки', 'Масло пищевое', None]","{'current': 195.0, 'orignial': None, 'sale_tag': {'Скидка': 'None%'}}","{'in_stock': True, 'count': 'Unknown'}","{'main_image': '/images/goods/376441494.jpg', 'set_images': None}","{'__description': ['БИОЛОИ1ЕСИ АКТИВНАЯ ДОБАВКА К ПИЩЕ «МАСЛО ПЛОДОВ ОБЛЕПИХИ НЕРАФИНИРОВАННОЕ', '\n', 'рекомендуется в качестве биологически активной добавки к пище\xa0 - дополнительного источника полиненасыщенных жирных кислот, витамина Е, каротиноидов.', '\n', 'масло облепихи, масло подсолнечное.']}"
1659192888.527949,/catalog/Maslo_sprey-dlya-oblegcheniya-dyhaniya-kompozitsiya-naturalnyh-efirnyh-masel-45-ml_399548774/pharmacies,"{'Название': 'Кук ля кук Каламин лосьон фл 100мл', 'Объем': '100мл'}","Главная,Каталог,Медикаменты и БАДы,Дерматология,Дерматит, экзема","{'current': 423.0, 'orignial': None, 'sale_tag': {'Скидка': 'None%'}}","{'in_stock': True, 'count': 'Unknown'}","{'main_image': '/images/goods/753058772.jpg', 'set_images': None}",{'__description': []}
1659192888.527949,/catalog/Maslo_sprey-dlya-oblegcheniya-dyhaniya-kompozitsiya-naturalnyh-efirnyh-masel-45-ml_399548774/pharmacies,"{'Название': 'Масло-спрей для облегчения дыхания композиция натуральных эфирных масел 45 мл', 'Объем': '45'}","Главная,Каталог,Медикаменты и БАДы,Простудные заболевания,Насморк","{'current': 117.5, 'orignial': None, 'sale_tag': {'Скидка': 'None%'}}","{'in_stock': True, 'count': 'Unknown'}","{'main_image': '/images/goods/399548774.jpg', 'set_images': None}",{'__description': ['Спрей Эльфарма - композиция из натуральных эфирных масел растительного происхождения. Они обладают антисептическим и антибактериальным бодрящим эффектом.']}
1659192888.527949,/catalog/Maslo_sprey-dlya-oblegcheniya-dyhaniya-kompozitsiya-naturalnyh-efirnyh-masel-45-ml_399548774/pharmacies,"{'Название': 'Масло-спрей для облегчения дыхания композиция натуральных эфирных масел 45 мл', 'Объем': '45'}","Главная,Каталог,Медикаменты и БАДы,Простудные заболевания,Насморк","{'current': 117.5, 'orignial': None, 'sale_tag': {'Скидка': 'None%'}}","{'in_stock': True, 'count': 'Unknown'}","{'main_image': '/images/goods/399548774.jpg', 'set_images': None}",{'__description': ['Спрей Эльфарма - композиция из натуральных эфирных масел растительного происхождения. Они обладают антисептическим и антибактериальным бодрящим эффектом.']}
1659192888.527949,/catalog/Maslo_sprey-dlya-oblegcheniya-dyhaniya-kompozitsiya-naturalnyh-efirnyh-masel-45-ml_399548774/pharmacies,"{'Название': 'Антацидин тб жеват мятный вкус без сахара N 27', 'Объем': '27'}","Главная,Каталог,Медикаменты и БАДы,Заболевания ЖКТ,Средства от изжоги","{'current': 236.4, 'orignial': None, 'sale_tag': {'Скидка': 'None%'}}","{'in_stock': True, 'count': 'Unknown'}","{'main_image': '/images/goods/753421702.jpg', 'set_images': None}",{'__description': []}
1659192888.527949,/catalog/Maslo_sprey-dlya-oblegcheniya-dyhaniya-kompozitsiya-naturalnyh-efirnyh-masel-45-ml_399548774/pharmacies,"{'Название': 'Кальций Д3 таб БАД для крепких костей и зубов N 30', 'Объем': '30'}","Главная,Каталог,Медикаменты и БАДы,Витамины и микроэлементы,Витамины с кальцием","{'current': 157.0, 'orignial': None, 'sale_tag': {'Скидка': 'None%'}}","{'in_stock': True, 'count': 'Unknown'}","{'main_image': '/images/goods/816572097.jpg', 'set_images': None}","{'__description': ['Применяется в качестве биологически активной добавки к пище, дополнительного источника кальция, витаминов Д3 и К1']}"
1659192888.527949,/catalog/Maslo_sprey-dlya-oblegcheniya-dyhaniya-kompozitsiya-naturalnyh-efirnyh-masel-45-ml_399548774/pharmacies,"{'Название': 'Индометацин свечи 50мг N 10', 'Объем': '50мг'}","['Главная', 'Каталог', 'Медикаменты и БАДы', 'Противовоспалительные средства', None]","{'current': 108.7, 'orignial': None, 'sale_tag': {'Скидка': 'None%'}}","{'in_stock': True, 'count': 'Unknown'}","{'main_image': '/images/goods/4030987.jpg', 'set_images': None}",{'__description': []}
1659192888.527949,/catalog/Maslo_sprey-dlya-oblegcheniya-dyhaniya-kompozitsiya-naturalnyh-efirnyh-masel-45-ml_399548774/pharmacies,"{'Название': 'Бромгексин р-р для внутр прим 4мг/5мл фл 60мл', 'Объем': '4мг'}","Главная,Каталог,Медикаменты и БАДы,Простудные заболевания,Кашель влажный","{'current': 150.0, 'orignial': None, 'sale_tag': {'Скидка': 'None%'}}","{'in_stock': True, 'count': 'Unknown'}","{'main_image': '/images/goods/127129565.jpg', 'set_images': None}",{'__description': ['\r\n\tАктивное вещество: бромгексин (bromhexine)']}
1659192888.527949,/catalog/Maslo_sprey-dlya-oblegcheniya-dyhaniya-kompozitsiya-naturalnyh-efirnyh-masel-45-ml_399548774/pharmacies,"{'Название': 'Skinderam эмульсия для ухода за кожей с признаками сухости и раздражения 250 мл', 'Объем': '250'}","Главная,Каталог,Косметика,Средства для тела,Крем для тела, лосьон, бальзам","{'current': 289.7, 'orignial': None, 'sale_tag': {'Скидка': 'None%'}}","{'in_stock': True, 'count': 'Unknown'}","{'main_image': '/images/goods/766108910.jpg', 'set_images': None}",{'__description': ['\r\n\t']}
1659192888.527949,/catalog/Maslo_sprey-dlya-oblegcheniya-dyhaniya-kompozitsiya-naturalnyh-efirnyh-masel-45-ml_399548774/pharmacies,"{'Название': 'Индометацин свечи 50мг N 10', 'Объем': '50мг'}","['Главная', 'Каталог', 'Медикаменты и БАДы', 'Противовоспалительные средства', None]","{'current': 108.7, 'orignial': None, 'sale_tag': {'Скидка': 'None%'}}","{'in_stock': True, 'count': 'Unknown'}","{'main_image': '/images/goods/4030987.jpg', 'set_images': None}",{'__description': []}
1659192888.527949,/catalog/Maslo_sprey-dlya-oblegcheniya-dyhaniya-kompozitsiya-naturalnyh-efirnyh-masel-45-ml_399548774/pharmacies,"{'Название': 'Бромгексин р-р для внутр прим 4мг/5мл фл 60мл', 'Объем': '4мг'}","Главная,Каталог,Медикаменты и БАДы,Простудные заболевания,Кашель влажный","{'current': 150.0, 'orignial': None, 'sale_tag': {'Скидка': 'None%'}}","{'in_stock': True, 'count': 'Unknown'}","{'main_image': '/images/goods/127129565.jpg', 'set_images': None}",{'__description': ['\r\n\tАктивное вещество: бромгексин (bromhexine)']}
1659192888.527949,/catalog/Maslo_sprey-dlya-oblegcheniya-dyhaniya-kompozitsiya-naturalnyh-efirnyh-masel-45-ml_399548774/pharmacies,"{'Название': 'Skinderam эмульсия для ухода за кожей с признаками сухости и раздражения 250 мл', 'Объем': '250'}","Главная,Каталог,Косметика,Средства для тела,Крем для тела, лосьон, бальзам","{'current': 289.7, 'orignial': None, 'sale_tag': {'Скидка': 'None%'}}","{'in_stock': True, 'count': 'Unknown'}","{'main_image': '/images/goods/766108910.jpg', 'set_images': None}",{'__description': ['\r\n\t']}
1659192888.527949,/catalog/Maslo_sprey-dlya-oblegcheniya-dyhaniya-kompozitsiya-naturalnyh-efirnyh-masel-45-ml_399548774/pharmacies,"{'Название': 'Антацидин тб жеват мятный вкус без сахара N 27', 'Объем': '27'}","Главная,Каталог,Медикаменты и БАДы,Заболевания ЖКТ,Средства от изжоги","{'current': 236.4, 'orignial': None, 'sale_tag': {'Скидка': 'None%'}}","{'in_stock': True, 'count': 'Unknown'}","{'main_image': '/images/goods/753421702.jpg', 'set_images': None}",{'__description': []}
1659192888.527949,/catalog/Maslo_sprey-dlya-oblegcheniya-dyhaniya-kompozitsiya-naturalnyh-efirnyh-masel-45-ml_399548774/pharmacies,"{'Название': 'Кальций Д3 таб БАД для крепких костей и зубов N 30', 'Объем': '30'}","Главная,Каталог,Медикаменты и БАДы,Витамины и микроэлементы,Витамины с кальцием","{'current': 157.0, 'orignial': None, 'sale_tag': {'Скидка': 'None%'}}","{'in_stock': True, 'count': 'Unknown'}","{'main_image': '/images/goods/816572097.jpg', 'set_images': None}","{'__description': ['Применяется в качестве биологически активной добавки к пище, дополнительного источника кальция, витаминов Д3 и К1']}"
1659192888.527949,/catalog/Maslo_sprey-dlya-oblegcheniya-dyhaniya-kompozitsiya-naturalnyh-efirnyh-masel-45-ml_399548774/pharmacies,"{'Название': 'Комплекс глюкозамина с хондроитином (ГХК ультра) капс N 90', 'Объем': '90'}","Главная,Каталог,Медикаменты и БАДы,Заболевания суставов,Хондропротекторы внутрь","{'current': 623.5, 'orignial': None, 'sale_tag': {'Скидка': 'None%'}}","{'in_stock': True, 'count': 'Unknown'}","{'main_image': '/images/goods/305031071.jpg', 'set_images': None}","{'__description': ['Глюкозамин хондроитин комплекс - восстанавливает структуру хрящевой ткани, уменьшает болевые ощущения вызванные трением суставов, восполняет дефицит синовиальной жидкости (вокруг хряща).']}"
1659192888.527949,/catalog/Maslo_sprey-dlya-oblegcheniya-dyhaniya-kompozitsiya-naturalnyh-efirnyh-masel-45-ml_399548774/pharmacies,"{'Название': 'Комплекс глюкозамина с хондроитином (ГХК ультра) капс N 90', 'Объем': '90'}","Главная,Каталог,Медикаменты и БАДы,Заболевания суставов,Хондропротекторы внутрь","{'current': 623.5, 'orignial': None, 'sale_tag': {'Скидка': 'None%'}}","{'in_stock': True, 'count': 'Unknown'}","{'main_image': '/images/goods/305031071.jpg', 'set_images': None}","{'__description': ['Глюкозамин хондроитин комплекс - восстанавливает структуру хрящевой ткани, уменьшает болевые ощущения вызванные трением суставов, восполняет дефицит синовиальной жидкости (вокруг хряща).']}"
1659192888.527949,/catalog/Maslo_sprey-dlya-oblegcheniya-dyhaniya-kompozitsiya-naturalnyh-efirnyh-masel-45-ml_399548774/pharmacies,"{'Название': 'Витамин D3 2000 МЕ капс N 30', 'Объем': '2000'}","Главная,Каталог,Медикаменты и БАДы,Витамины и микроэлементы,Витамин Д","{'current': 400.0, 'orignial': 440.0, 'sale_tag': {'Скидка': '9%'}}","{'in_stock': True, 'count': 'Unknown'}","{'main_image': '/images/goods/437592938.jpg', 'set_images': None}",{'__description': []}
1659192888.527949,/catalog/Maslo_sprey-dlya-oblegcheniya-dyhaniya-kompozitsiya-naturalnyh-efirnyh-masel-45-ml_399548774/pharmacies,"{'Название': 'Дегидромин порошок для приг р-ра для приема внутрь саше N 20', 'Объем': '20'}","Главная,Каталог,Медикаменты и БАДы,Заболевания ЖКТ,Противодиарейные средства","{'current': 401.0, 'orignial': None, 'sale_tag': {'Скидка': 'None%'}}","{'in_stock': True, 'count': 'Unknown'}","{'main_image': '/images/goods/666443280.jpg', 'set_images': None}",{'__description': ['\r\n\t']}
1659192888.527949,/catalog/Maslo_sprey-dlya-oblegcheniya-dyhaniya-kompozitsiya-naturalnyh-efirnyh-masel-45-ml_399548774/pharmacies,"{'Название': 'Персен тб N 40', 'Объем': '40'}","Главная,Каталог,Медикаменты и БАДы,Антистрессовое действие,Успокоительные","{'current': 425.0, 'orignial': None, 'sale_tag': {'Скидка': 'None%'}}","{'in_stock': True, 'count': 'Unknown'}","{'main_image': '/images/goods/127659913.jpg', 'set_images': None}",{'__description': ['\r\n\t']}
1659192888.527949,/catalog/Maslo_sprey-dlya-oblegcheniya-dyhaniya-kompozitsiya-naturalnyh-efirnyh-masel-45-ml_399548774/pharmacies,"{'Название': 'Санорин спрей от насморка ментол/эвкалипт 0,1% фл 10 мл', 'Объем': '10'}","Главная,Каталог,Медикаменты и БАДы,Простудные заболевания,Насморк","{'current': 244.0, 'orignial': None, 'sale_tag': {'Скидка': 'None%'}}","{'in_stock': True, 'count': 'Unknown'}","{'main_image': '/images/goods/642804368.jpg', 'set_images': None}",{'__description': ['\r\n\t.']}
1659192888.527949,/catalog/Maslo_sprey-dlya-oblegcheniya-dyhaniya-kompozitsiya-naturalnyh-efirnyh-masel-45-ml_399548774/pharmacies,"{'Название': 'Персен тб N 40', 'Объем': '40'}","Главная,Каталог,Медикаменты и БАДы,Антистрессовое действие,Успокоительные","{'current': 425.0, 'orignial': None, 'sale_tag': {'Скидка': 'None%'}}","{'in_stock': True, 'count': 'Unknown'}","{'main_image': '/images/goods/127659913.jpg', 'set_images': None}",{'__description': ['\r\n\t']}
1659192888.527949,/catalog/Maslo_sprey-dlya-oblegcheniya-dyhaniya-kompozitsiya-naturalnyh-efirnyh-masel-45-ml_399548774/pharmacies,"{'Название': 'Витамин D3 2000 МЕ капс N 30', 'Объем': '2000'}","Главная,Каталог,Медикаменты и БАДы,Витамины и микроэлементы,Витамин Д","{'current': 400.0, 'orignial': 440.0, 'sale_tag': {'Скидка': '9%'}}","{'in_stock': True, 'count': 'Unknown'}","{'main_image': '/images/goods/437592938.jpg', 'set_images': None}",{'__description': []}
1659192888.527949,/catalog/Maslo_sprey-dlya-oblegcheniya-dyhaniya-kompozitsiya-naturalnyh-efirnyh-masel-45-ml_399548774/pharmacies,"{'Название': 'Дегидромин порошок для приг р-ра для приема внутрь саше N 20', 'Объем': '20'}","Главная,Каталог,Медикаменты и БАДы,Заболевания ЖКТ,Противодиарейные средства","{'current': 401.0, 'orignial': None, 'sale_tag': {'Скидка': 'None%'}}","{'in_stock': True, 'count': 'Unknown'}","{'main_image': '/images/goods/666443280.jpg', 'set_images': None}",{'__description': ['\r\n\t']}
1659192888.527949,/catalog/Maslo_sprey-dlya-oblegcheniya-dyhaniya-kompozitsiya-naturalnyh-efirnyh-masel-45-ml_399548774/pharmacies,"{'Название': 'Санорин спрей от насморка ментол/эвкалипт 0,1% фл 10 мл', 'Объем': '10'}","Главная,Каталог,Медикаменты и БАДы,Простудные заболевания,Насморк","{'current': 244.0, 'orignial': None, 'sale_tag': {'Скидка': 'None%'}}","{'in_stock': True, 'count': 'Unknown'}","{'main_image': '/images/goods/642804368.jpg', 'set_images': None}",{'__description': ['\r\n\t.']}
1659192888.527949,/catalog/Maslo_sprey-dlya-oblegcheniya-dyhaniya-kompozitsiya-naturalnyh-efirnyh-masel-45-ml_399548774/pharmacies,"{'Название': 'Укропная водичка фенхель 15 мл', 'Объем': '15'}","Главная,Каталог,Медикаменты и БАДы,Заболевания ЖКТ,От вздутия живота (ветрогонные)","{'current': 279.0, 'orignial': None, 'sale_tag': {'Скидка': 'None%'}}","{'in_stock': True, 'count': 'Unknown'}","{'main_image': '/images/goods/299478657.jpg', 'set_images': None}","{'__description': ['продукт детского диетического профилактического пита\xadния, для детей с первых дней жизни из смеси натуральных эфирных масел: ук\xadропного, анисового, мятного.']}"
1659192888.527949,/catalog/Maslo_sprey-dlya-oblegcheniya-dyhaniya-kompozitsiya-naturalnyh-efirnyh-masel-45-ml_399548774/pharmacies,"{'Название': 'Плантолаксин тб 500мг N 40', 'Объем': '500мг'}","Главная,Каталог,Медикаменты и БАДы,Заболевания ЖКТ,Слабительное","{'current': 268.0, 'orignial': None, 'sale_tag': {'Скидка': 'None%'}}","{'in_stock': True, 'count': 'Unknown'}","{'main_image': '/images/goods/770222620.jpg', 'set_images': None}",{'__description': ['Плантолаксин - активный источник сеннозидов для поддержания моторной функции кишечника. Содержит лактулозу и инулин.']}
1659192888.527949,/catalog/Maslo_sprey-dlya-oblegcheniya-dyhaniya-kompozitsiya-naturalnyh-efirnyh-masel-45-ml_399548774/pharmacies,"{'Название': 'АС Ромашки цветки 50г', 'Объем': '50г'}","Главная,Каталог,Диетическое питание, напитки,Травы, чаи,Травы","{'current': 92.0, 'orignial': None, 'sale_tag': {'Скидка': 'None%'}}","{'in_stock': True, 'count': 'Unknown'}","{'main_image': '/images/goods/758313805.jpg', 'set_images': None}",{'__description': []}
1659192888.527949,/catalog/Maslo_sprey-dlya-oblegcheniya-dyhaniya-kompozitsiya-naturalnyh-efirnyh-masel-45-ml_399548774/pharmacies,"{'Название': 'АС Ромашки цветки 50г', 'Объем': '50г'}","Главная,Каталог,Диетическое питание, напитки,Травы, чаи,Травы","{'current': 92.0, 'orignial': None, 'sale_tag': {'Скидка': 'None%'}}","{'in_stock': True, 'count': 'Unknown'}","{'main_image': '/images/goods/758313805.jpg', 'set_images': None}",{'__description': []}
1659192888.527949,/catalog/Maslo_sprey-dlya-oblegcheniya-dyhaniya-kompozitsiya-naturalnyh-efirnyh-masel-45-ml_399548774/pharmacies,"{'Название': 'Укропная водичка фенхель 15 мл', 'Объем': '15'}","Главная,Каталог,Медикаменты и БАДы,Заболевания ЖКТ,От вздутия живота (ветрогонные)","{'current': 279.0, 'orignial': None, 'sale_tag': {'Скидка': 'None%'}}","{'in_stock': True, 'count': 'Unknown'}","{'main_image': '/images/goods/299478657.jpg', 'set_images': None}","{'__description': ['продукт детского диетического профилактического пита\xadния, для детей с первых дней жизни из смеси натуральных эфирных масел: ук\xadропного, анисового, мятного.']}"
1659192888.527949,/catalog/Maslo_sprey-dlya-oblegcheniya-dyhaniya-kompozitsiya-naturalnyh-efirnyh-masel-45-ml_399548774/pharmacies,"{'Название': 'АС Сенны листья ф/п 1,5г N 20', 'Объем': '5г'}","Главная,Каталог,Диетическое питание, напитки,Травы, чаи,Травы","{'current': 91.0, 'orignial': None, 'sale_tag': {'Скидка': 'None%'}}","{'in_stock': True, 'count': 'Unknown'}","{'main_image': '/images/goods/758333805.jpg', 'set_images': None}",{'__description': []}
1659192888.527949,/catalog/Maslo_sprey-dlya-oblegcheniya-dyhaniya-kompozitsiya-naturalnyh-efirnyh-masel-45-ml_399548774/pharmacies,"{'Название': 'Плантолаксин тб 500мг N 40', 'Объем': '500мг'}","Главная,Каталог,Медикаменты и БАДы,Заболевания ЖКТ,Слабительное","{'current': 268.0, 'orignial': None, 'sale_tag': {'Скидка': 'None%'}}","{'in_stock': True, 'count': 'Unknown'}","{'main_image': '/images/goods/770222620.jpg', 'set_images': None}",{'__description': ['Плантолаксин - активный источник сеннозидов для поддержания моторной функции кишечника. Содержит лактулозу и инулин.']}
1659192888.527949,/catalog/Maslo_sprey-dlya-oblegcheniya-dyhaniya-kompozitsiya-naturalnyh-efirnyh-masel-45-ml_399548774/pharmacies,"{'Название': 'АС Сенны листья ф/п 1,5г N 20', 'Объем': '5г'}","Главная,Каталог,Диетическое питание, напитки,Травы, чаи,Травы","{'current': 91.0, 'orignial': None, 'sale_tag': {'Скидка': 'None%'}}","{'in_stock': True, 'count': 'Unknown'}","{'main_image': '/images/goods/758333805.jpg', 'set_images': None}",{'__description': []}
1659192888.527949,/catalog/Maslo_sprey-dlya-oblegcheniya-dyhaniya-kompozitsiya-naturalnyh-efirnyh-masel-45-ml_399548774/pharmacies,"{'Название': 'Бальзам для губ лесная малина 3,7г', 'Объем': '7г'}","['Главная', 'Каталог', 'Косметика', 'Средства для губ', None]","{'current': 55.6, 'orignial': None, 'sale_tag': {'Скидка': 'None%'}}","{'in_stock': True, 'count': 'Unknown'}","{'main_image': '/images/goods/292318098.jpg', 'set_images': None}",{'__description': ['Бальзам для губ незаменим для ухода за нежной кожей.']}
1659192888.527949,/catalog/Maslo_sprey-dlya-oblegcheniya-dyhaniya-kompozitsiya-naturalnyh-efirnyh-masel-45-ml_399548774/pharmacies,"{'Название': 'Бальзам для губ лесная малина 3,7г', 'Объем': '7г'}","['Главная', 'Каталог', 'Косметика', 'Средства для губ', None]","{'current': 55.6, 'orignial': None, 'sale_tag': {'Скидка': 'None%'}}","{'in_stock': True, 'count': 'Unknown'}","{'main_image': '/images/goods/292318098.jpg', 'set_images': None}",{'__description': ['Бальзам для губ незаменим для ухода за нежной кожей.']}
1659192888.527949,/catalog/Maslo_sprey-dlya-oblegcheniya-dyhaniya-kompozitsiya-naturalnyh-efirnyh-masel-45-ml_399548774/pharmacies,"{'Название': 'Аптечный стандарт масло льняное капс 500 мг N 100', 'Объем': '500'}","Главная,Каталог,Медикаменты и БАДы,Витамины и микроэлементы,Омега-3 и рыбий жир","{'current': 196.0, 'orignial': None, 'sale_tag': {'Скидка': 'None%'}}","{'in_stock': True, 'count': 'Unknown'}","{'main_image': '/images/goods/416451494.jpg', 'set_images': None}","{'__description': ['БИОЛОГИЧЕСКИ АКТИВНАЯ ДОБАВКА К ПИЩЕ «МАСЛО ЛЬНЯНОЕ «СОЛНАТ» В КАПСУЛАХ (КАПСУЛЫ МАССОЙ 0,5 r)']}"
1659192888.527949,/catalog/Maslo_sprey-dlya-oblegcheniya-dyhaniya-kompozitsiya-naturalnyh-efirnyh-masel-45-ml_399548774/pharmacies,"{'Название': 'FOOT EXPERT Гидроколлоидный пластырь от натоптышей 4х4см N 6', 'Объем': '4х4'}","Главная,Каталог,Перевязочные средства,Лейкопластыри,Мозольные пластыри","{'current': 275.5, 'orignial': None, 'sale_tag': {'Скидка': 'None%'}}","{'in_stock': True, 'count': 'Unknown'}","{'main_image': '/images/goods/722202581.jpg', 'set_images': None}","{'__description': ['\r\n\tФУТ эксперт - гидроколлоидные пластыри от натоптышей на ногах позволяют сохранять в ранке оптимальную влажность, для скорейшего заживления мозоли. Надежно фиксируются на коже, позволяют ране ""дышать"", смягчают давление на кожу, не допускают проникновения в ранку влаги (усугубляющей проблему) и опасных бактерий. Моментально облегчают боль, защищая мозоль от внешнего давления, способствуют ускорению процесса заживления раны без образования рубцов и шрамов. Отлично держатся на месте (24-48 часов), не отклеиваясь и не скатываясь даже при контакте с водой.']}"
1659192888.527949,/catalog/Maslo_sprey-dlya-oblegcheniya-dyhaniya-kompozitsiya-naturalnyh-efirnyh-masel-45-ml_399548774/pharmacies,"{'Название': 'Аптечный стандарт масло льняное капс 500 мг N 100', 'Объем': '500'}","Главная,Каталог,Медикаменты и БАДы,Витамины и микроэлементы,Омега-3 и рыбий жир","{'current': 196.0, 'orignial': None, 'sale_tag': {'Скидка': 'None%'}}","{'in_stock': True, 'count': 'Unknown'}","{'main_image': '/images/goods/416451494.jpg', 'set_images': None}","{'__description': ['БИОЛОГИЧЕСКИ АКТИВНАЯ ДОБАВКА К ПИЩЕ «МАСЛО ЛЬНЯНОЕ «СОЛНАТ» В КАПСУЛАХ (КАПСУЛЫ МАССОЙ 0,5 r)']}"
1659192888.527949,/catalog/Maslo_sprey-dlya-oblegcheniya-dyhaniya-kompozitsiya-naturalnyh-efirnyh-masel-45-ml_399548774/pharmacies,"{'Название': 'Violet влажные салфетки для детей с экстрактом ромашки N 63', 'Объем': '63'}","Главная,Каталог,Средства гигиены,Влажные салфетки,Влажные салфетки для детей","{'current': 160.5, 'orignial': None, 'sale_tag': {'Скидка': 'None%'}}","{'in_stock': True, 'count': 'Unknown'}","{'main_image': '/images/goods/433313382.jpg', 'set_images': None}",{'__description': []}
1659192888.527949,/catalog/Maslo_sprey-dlya-oblegcheniya-dyhaniya-kompozitsiya-naturalnyh-efirnyh-masel-45-ml_399548774/pharmacies,"{'Название': 'Violet влажные салфетки для детей с экстрактом ромашки N 63', 'Объем': '63'}","Главная,Каталог,Средства гигиены,Влажные салфетки,Влажные салфетки для детей","{'current': 160.5, 'orignial': None, 'sale_tag': {'Скидка': 'None%'}}","{'in_stock': True, 'count': 'Unknown'}","{'main_image': '/images/goods/433313382.jpg', 'set_images': None}",{'__description': []}
1659192888.527949,/catalog/Maslo_sprey-dlya-oblegcheniya-dyhaniya-kompozitsiya-naturalnyh-efirnyh-masel-45-ml_399548774/pharmacies,"{'Название': 'Кук ля кук Каламин лосьон фл 100мл', 'Объем': '100мл'}","Главная,Каталог,Медикаменты и БАДы,Дерматология,Дерматит, экзема","{'current': 423.0, 'orignial': None, 'sale_tag': {'Скидка': 'None%'}}","{'in_stock': True, 'count': 'Unknown'}","{'main_image': '/images/goods/753058772.jpg', 'set_images': None}",{'__description': []}
1659192888.527949,/catalog/Maslo_sprey-dlya-oblegcheniya-dyhaniya-kompozitsiya-naturalnyh-efirnyh-masel-45-ml_399548774/pharmacies,"{'Название': 'Анузопрокт суппозитории ректальные N 10', 'Объем': '10'}","['Главная', 'Каталог', 'Медикаменты и БАДы', 'Антигеморроидальные средства', None]","{'current': 155.0, 'orignial': None, 'sale_tag': {'Скидка': 'None%'}}","{'in_stock': True, 'count': 'Unknown'}","{'main_image': '/images/goods/69875671.jpg', 'set_images': None}",{'__description': ['\r\n\t']}
1659192888.527949,/catalog/Maslo_sprey-dlya-oblegcheniya-dyhaniya-kompozitsiya-naturalnyh-efirnyh-masel-45-ml_399548774/pharmacies,"{'Название': 'FOOT EXPERT Гидроколлоидный пластырь от натоптышей 4х4см N 6', 'Объем': '4х4'}","Главная,Каталог,Перевязочные средства,Лейкопластыри,Мозольные пластыри","{'current': 275.5, 'orignial': None, 'sale_tag': {'Скидка': 'None%'}}","{'in_stock': True, 'count': 'Unknown'}","{'main_image': '/images/goods/722202581.jpg', 'set_images': None}","{'__description': ['\r\n\tФУТ эксперт - гидроколлоидные пластыри от натоптышей на ногах позволяют сохранять в ранке оптимальную влажность, для скорейшего заживления мозоли. Надежно фиксируются на коже, позволяют ране ""дышать"", смягчают давление на кожу, не допускают проникновения в ранку влаги (усугубляющей проблему) и опасных бактерий. Моментально облегчают боль, защищая мозоль от внешнего давления, способствуют ускорению процесса заживления раны без образования рубцов и шрамов. Отлично держатся на месте (24-48 часов), не отклеиваясь и не скатываясь даже при контакте с водой.']}"
1659192888.527949,/catalog/Maslo_sprey-dlya-oblegcheniya-dyhaniya-kompozitsiya-naturalnyh-efirnyh-masel-45-ml_399548774/pharmacies,"{'Название': 'Sun and Go спрей солнцезащитный водостойкий с оливковым маслом SPF 30 150 мл', 'Объем': '30'}","['Главная', 'Каталог', 'Летние серии', 'Для загара', None]","{'current': 190.0, 'orignial': 286.1, 'sale_tag': {'Скидка': '33%'}}","{'in_stock': True, 'count': 'Unknown'}","{'main_image': '/images/goods/682408151.jpg', 'set_images': None}",{'__description': ['\r\n\t']}
1659192888.527949,/catalog/Maslo_sprey-dlya-oblegcheniya-dyhaniya-kompozitsiya-naturalnyh-efirnyh-masel-45-ml_399548774/pharmacies,"{'Название': 'Алкодетокс таб п/о N 10', 'Объем': '10'}","['Главная', 'Каталог', 'Медикаменты и БАДы', 'Похмельный синдром', None]","{'current': 168.0, 'orignial': None, 'sale_tag': {'Скидка': 'None%'}}","{'in_stock': True, 'count': 'Unknown'}","{'main_image': '/images/goods/768361702.jpg', 'set_images': None}",{'__description': []}
1659192888.527949,/catalog/Maslo_sprey-dlya-oblegcheniya-dyhaniya-kompozitsiya-naturalnyh-efirnyh-masel-45-ml_399548774/pharmacies,"{'Название': 'Мята масло косметическое эфирное для наруж прим 10 мл', 'Объем': '10'}","Главная,Каталог,Косметика,Масла косметические,Косметическое масло","{'current': 125.0, 'orignial': None, 'sale_tag': {'Скидка': 'None%'}}","{'in_stock': True, 'count': 'Unknown'}","{'main_image': '/images/goods/321168772.jpg', 'set_images': None}",{'__description': []}
1659192888.527949,/catalog/Maslo_sprey-dlya-oblegcheniya-dyhaniya-kompozitsiya-naturalnyh-efirnyh-masel-45-ml_399548774/pharmacies,"{'Название': 'Алкодетокс таб п/о N 10', 'Объем': '10'}","['Главная', 'Каталог', 'Медикаменты и БАДы', 'Похмельный синдром', None]","{'current': 168.0, 'orignial': None, 'sale_tag': {'Скидка': 'None%'}}","{'in_stock': True, 'count': 'Unknown'}","{'main_image': '/images/goods/768361702.jpg', 'set_images': None}",{'__description': []}
1659192888.527949,/catalog/Maslo_sprey-dlya-oblegcheniya-dyhaniya-kompozitsiya-naturalnyh-efirnyh-masel-45-ml_399548774/pharmacies,"{'Название': 'Анузопрокт суппозитории ректальные N 10', 'Объем': '10'}","['Главная', 'Каталог', 'Медикаменты и БАДы', 'Антигеморроидальные средства', None]","{'current': 155.0, 'orignial': None, 'sale_tag': {'Скидка': 'None%'}}","{'in_stock': True, 'count': 'Unknown'}","{'main_image': '/images/goods/69875671.jpg', 'set_images': None}",{'__description': ['\r\n\t']}
1659192888.527949,/catalog/Maslo_sprey-dlya-oblegcheniya-dyhaniya-kompozitsiya-naturalnyh-efirnyh-masel-45-ml_399548774/pharmacies,"{'Название': 'Мята масло косметическое эфирное для наруж прим 10 мл', 'Объем': '10'}","Главная,Каталог,Косметика,Масла косметические,Косметическое масло","{'current': 125.0, 'orignial': None, 'sale_tag': {'Скидка': 'None%'}}","{'in_stock': True, 'count': 'Unknown'}","{'main_image': '/images/goods/321168772.jpg', 'set_images': None}",{'__description': []}
1659192888.527949,/catalog/Maslo_sprey-dlya-oblegcheniya-dyhaniya-kompozitsiya-naturalnyh-efirnyh-masel-45-ml_399548774/pharmacies,"{'Название': 'Простудокс порошок для приг р-ра лимон N 10', 'Объем': '10'}","Главная,Каталог,Медикаменты и БАДы,Простудные заболевания,Горячие напитки при простуде","{'current': 351.0, 'orignial': None, 'sale_tag': {'Скидка': 'None%'}}","{'in_stock': True, 'count': 'Unknown'}","{'main_image': '/images/goods/50935988.jpg', 'set_images': None}",{'__description': []}
1659192888.527949,/catalog/Maslo_sprey-dlya-oblegcheniya-dyhaniya-kompozitsiya-naturalnyh-efirnyh-masel-45-ml_399548774/pharmacies,"{'Название': 'Простудокс порошок для приг р-ра лимон N 10', 'Объем': '10'}","Главная,Каталог,Медикаменты и БАДы,Простудные заболевания,Горячие напитки при простуде","{'current': 351.0, 'orignial': None, 'sale_tag': {'Скидка': 'None%'}}","{'in_stock': True, 'count': 'Unknown'}","{'main_image': '/images/goods/50935988.jpg', 'set_images': None}",{'__description': []}
1659192888.527949,/catalog/Maslo_sprey-dlya-oblegcheniya-dyhaniya-kompozitsiya-naturalnyh-efirnyh-masel-45-ml_399548774/pharmacies,"{'Название': 'Левокарнитин р-р в/в в/м введ 100мг/мл амп 5мл N 10', 'Объем': '100мг'}","Главная,Каталог,Медикаменты и БАДы,Заболевания сердечно-сосудистой системы,Антигипоксанты","{'current': 342.7, 'orignial': None, 'sale_tag': {'Скидка': 'None%'}}","{'in_stock': True, 'count': 'Unknown'}","{'main_image': '/images/goods/738168507.jpg', 'set_images': None}","{'__description': ['\r\n\tЛевокарнитин - средство для коррекции метаболических процессов; оказывает метаболическое, анаболическое, антигипоксическое и антитиреоидное действие, активирует жировой обмен, стимулирует регенерацию, повышает аппетит. Левокарнитин - природное вещество, родственное витаминам группы В. Является кофактором метаболических процессов, обеспечивающих поддержание активности кофермента А (КоА). Снижает основной обмен, замедляет распад белковых и углеводных молекул. Способствует проникновению через мембраны митохондрий и расщеплению длинноцепочных жирных кислот (пальмитиновой и др.) с образованием ацетил-КоА (необходим для обеспечения активности пируваткарбоксилазы в процессе глюконеогенеза, образования кетоновых тел, синтеза холина и его эфиров, окислительного фосфорилирования и образования АТФ). Мобилизует жир (наличие 3 лабильных метальных групп) из жировых депо. Конкурентно вытесняя глюкозу, включает жирнокислотный метаболический шунт, активность которого не лимитирована кислородом (в отличие от аэробного гликолиза), в связи с чем левокарнитин эффективен в условиях острой гипоксии (в т.ч. мозга) и других критических состояниях. Вызывает незначительное угнетение ЦНС, повышает секрецию и ферментативную активность пищеварительных соков (желудочного и кишечного), улучшает усвоение пищи.']}"
1659192888.527949,/catalog/Maslo_sprey-dlya-oblegcheniya-dyhaniya-kompozitsiya-naturalnyh-efirnyh-masel-45-ml_399548774/pharmacies,"{'Название': 'Витус витамин С с L-карнитином таблетки быстрорастворимые 4г N 17', 'Объем': '4г'}","Главная,Каталог,Медикаменты и БАДы,Витамины и микроэлементы,Витамины комплексные (мультивитамины)","{'current': 450.0, 'orignial': None, 'sale_tag': {'Скидка': 'None%'}}","{'in_stock': True, 'count': 'Unknown'}","{'main_image': '/images/goods/667743955.jpg', 'set_images': None}",{'__description': []}
1659192888.527949,/catalog/Maslo_sprey-dlya-oblegcheniya-dyhaniya-kompozitsiya-naturalnyh-efirnyh-masel-45-ml_399548774/pharmacies,"{'Название': 'Суприламин тб 25 мг N 40', 'Объем': '25'}","Главная,Каталог,Медикаменты и БАДы,Аллергия,Аллергия взрослым","{'current': 163.0, 'orignial': None, 'sale_tag': {'Скидка': 'None%'}}","{'in_stock': True, 'count': 'Unknown'}","{'main_image': '/images/goods/469758507.jpg', 'set_images': None}","{'__description': ['Таблетки белого или почти белого цвета, круглые, плоскоцилиндрические, без запаха или почти без запаха, с крестообразной риской с одной стороны и фасками с двух сторон.']}"
1659192888.527949,/catalog/Maslo_sprey-dlya-oblegcheniya-dyhaniya-kompozitsiya-naturalnyh-efirnyh-masel-45-ml_399548774/pharmacies,"{'Название': 'Ультраувлажняющий крем для рук 75мл', 'Объем': '75мл'}","Главная,Каталог,Косметика,Средства для рук,Крем для рук","{'current': 114.0, 'orignial': None, 'sale_tag': {'Скидка': 'None%'}}","{'in_stock': True, 'count': 'Unknown'}","{'main_image': '/images/goods/198798098.jpg', 'set_images': None}","{'__description': ['Ультраувлажняющая формула крема на основе натурального фруктового воска быстро восстанавливает сухую кожу рук, обеспечивает длительное увлажнение и оказывает успокаивающее действие.']}"
1659192888.527949,/catalog/Maslo_sprey-dlya-oblegcheniya-dyhaniya-kompozitsiya-naturalnyh-efirnyh-masel-45-ml_399548774/pharmacies,"{'Название': 'Суприламин тб 25 мг N 40', 'Объем': '25'}","Главная,Каталог,Медикаменты и БАДы,Аллергия,Аллергия взрослым","{'current': 163.0, 'orignial': None, 'sale_tag': {'Скидка': 'None%'}}","{'in_stock': True, 'count': 'Unknown'}","{'main_image': '/images/goods/469758507.jpg', 'set_images': None}","{'__description': ['Таблетки белого или почти белого цвета, круглые, плоскоцилиндрические, без запаха или почти без запаха, с крестообразной риской с одной стороны и фасками с двух сторон.']}"
1659192888.527949,/catalog/Maslo_sprey-dlya-oblegcheniya-dyhaniya-kompozitsiya-naturalnyh-efirnyh-masel-45-ml_399548774/pharmacies,"{'Название': 'Ультраувлажняющий крем для рук 75мл', 'Объем': '75мл'}","Главная,Каталог,Косметика,Средства для рук,Крем для рук","{'current': 114.0, 'orignial': None, 'sale_tag': {'Скидка': 'None%'}}","{'in_stock': True, 'count': 'Unknown'}","{'main_image': '/images/goods/198798098.jpg', 'set_images': None}","{'__description': ['Ультраувлажняющая формула крема на основе натурального фруктового воска быстро восстанавливает сухую кожу рук, обеспечивает длительное увлажнение и оказывает успокаивающее действие.']}"
1659192888.527949,/catalog/Maslo_sprey-dlya-oblegcheniya-dyhaniya-kompozitsiya-naturalnyh-efirnyh-masel-45-ml_399548774/pharmacies,"{'Название': 'Левокарнитин р-р в/в в/м введ 100мг/мл амп 5мл N 10', 'Объем': '100мг'}","Главная,Каталог,Медикаменты и БАДы,Заболевания сердечно-сосудистой системы,Антигипоксанты","{'current': 342.7, 'orignial': None, 'sale_tag': {'Скидка': 'None%'}}","{'in_stock': True, 'count': 'Unknown'}","{'main_image': '/images/goods/738168507.jpg', 'set_images': None}","{'__description': ['\r\n\tЛевокарнитин - средство для коррекции метаболических процессов; оказывает метаболическое, анаболическое, антигипоксическое и антитиреоидное действие, активирует жировой обмен, стимулирует регенерацию, повышает аппетит. Левокарнитин - природное вещество, родственное витаминам группы В. Является кофактором метаболических процессов, обеспечивающих поддержание активности кофермента А (КоА). Снижает основной обмен, замедляет распад белковых и углеводных молекул. Способствует проникновению через мембраны митохондрий и расщеплению длинноцепочных жирных кислот (пальмитиновой и др.) с образованием ацетил-КоА (необходим для обеспечения активности пируваткарбоксилазы в процессе глюконеогенеза, образования кетоновых тел, синтеза холина и его эфиров, окислительного фосфорилирования и образования АТФ). Мобилизует жир (наличие 3 лабильных метальных групп) из жировых депо. Конкурентно вытесняя глюкозу, включает жирнокислотный метаболический шунт, активность которого не лимитирована кислородом (в отличие от аэробного гликолиза), в связи с чем левокарнитин эффективен в условиях острой гипоксии (в т.ч. мозга) и других критических состояниях. Вызывает незначительное угнетение ЦНС, повышает секрецию и ферментативную активность пищеварительных соков (желудочного и кишечного), улучшает усвоение пищи.']}"
1659192888.527949,/catalog/Maslo_sprey-dlya-oblegcheniya-dyhaniya-kompozitsiya-naturalnyh-efirnyh-masel-45-ml_399548774/pharmacies,"{'Название': 'BioMio жидкое мыло для чувствительной кожи с гелем алоэ вера 300мл', 'Объем': '300мл'}","Главная,Каталог,Средства гигиены,Мыло,Мыло жидкое","{'current': 200.8, 'orignial': None, 'sale_tag': {'Скидка': 'None%'}}","{'in_stock': True, 'count': 'Unknown'}","{'main_image': '/images/goods/433673095.jpg', 'set_images': None}",{'__description': []}
1659192888.527949,/catalog/Maslo_sprey-dlya-oblegcheniya-dyhaniya-kompozitsiya-naturalnyh-efirnyh-masel-45-ml_399548774/pharmacies,"{'Название': 'BioMio мыло-пятновыводитель 200г', 'Объем': '200г'}","Главная,Каталог,Средства гигиены,Мыло,Мыло твердое","{'current': 113.0, 'orignial': 133.0, 'sale_tag': {'Скидка': '15%'}}","{'in_stock': True, 'count': 'Unknown'}","{'main_image': '/images/goods/635129689.jpg', 'set_images': None}","{'__description': ['\r\n\tЭкологичное хозяйственное мыло-пятновыводитель BIO-SOAP эффективно удаляет пятна от растительных масел и жира, фруктовых соков, следов от дезодоранта, а также белковые пятна (в том числе пятна крови, яиц, молока) благодаря специальной формуле, обогащенной биоэнзимами. Мыло гипоаллергенно, благодаря чему отлично подходит для стирки детского белья и одежды людей с чувствительной кожей. Специальная формула с оливковым маслом и глицерином обеспечивает бережный уход за кожей, а ионы серебра обладают антибактериальным эффектом. Прямоугольная форма мыла очень удобна в использовании, а непромокаемая упаковка флоу-пак подходит для многократного применения, что позволит хранить мыло в чистоте и порядке. Мыло BioMio – 100% вегетарианское – в его составе отсутствуют компоненты животного происхождения. НЕ СОДЕРЖИТ: ПЭГ, красители, синтетические ароматизаторы, ЭДТА, продукты животного происхождения. BioMio - линейка эффективных средств для дома, использование которых приносит удовольствие. Продукты, созданные с любовью и заботой, идеально справятся с загрязнениями, оставаясь при этом абсолютно безопасными, экологичными и особенно незаменимыми, если в доме есть малыш.']}"
1659192888.527949,/catalog/Maslo_sprey-dlya-oblegcheniya-dyhaniya-kompozitsiya-naturalnyh-efirnyh-masel-45-ml_399548774/pharmacies,"{'Название': 'Маска медицинская нестерильная одноразовая N 50', 'Объем': '50'}","['Главная', 'Каталог', 'Изделия медицинского назначения', 'Маски медицинские', None]","{'current': 500.0, 'orignial': None, 'sale_tag': {'Скидка': 'None%'}}","{'in_stock': True, 'count': 'Unknown'}","{'main_image': '/images/goods/497589727.jpg', 'set_images': None}",{'__description': []}
1659192888.527949,/catalog/Maslo_sprey-dlya-oblegcheniya-dyhaniya-kompozitsiya-naturalnyh-efirnyh-masel-45-ml_399548774/pharmacies,"{'Название': 'Бумага офисная 500 листов А4 80г/м пачка', 'Объем': '500'}","['Главная', 'Каталог', 'Хозяйственные товары', 'Канцелярия', None]","{'current': 630.0, 'orignial': None, 'sale_tag': {'Скидка': 'None%'}}","{'in_stock': True, 'count': 'Unknown'}","{'main_image': '/images/goods/734597441.jpg', 'set_images': None}",{'__description': ['\r\n\t']}
1659192888.527949,/catalog/Maslo_sprey-dlya-oblegcheniya-dyhaniya-kompozitsiya-naturalnyh-efirnyh-masel-45-ml_399548774/pharmacies,"{'Название': 'Либридерм витамин F гигиеническая помада восстанавливающая жирная 4г', 'Объем': '4г'}","['Главная', 'Каталог', 'Косметика', 'Средства для губ', None]","{'current': 185.0, 'orignial': None, 'sale_tag': {'Скидка': 'None%'}}","{'in_stock': True, 'count': 'Unknown'}","{'main_image': '/images/goods/819049171.jpg', 'set_images': None}",{'__description': ['\xa0']}
1659192888.527949,/catalog/Maslo_sprey-dlya-oblegcheniya-dyhaniya-kompozitsiya-naturalnyh-efirnyh-masel-45-ml_399548774/pharmacies,"{'Название': 'Маска медицинская нестерильная одноразовая N 50', 'Объем': '50'}","['Главная', 'Каталог', 'Изделия медицинского назначения', 'Маски медицинские', None]","{'current': 500.0, 'orignial': None, 'sale_tag': {'Скидка': 'None%'}}","{'in_stock': True, 'count': 'Unknown'}","{'main_image': '/images/goods/497589727.jpg', 'set_images': None}",{'__description': []}
1659192888.527949,/catalog/Maslo_sprey-dlya-oblegcheniya-dyhaniya-kompozitsiya-naturalnyh-efirnyh-masel-45-ml_399548774/pharmacies,"{'Название': 'Витус витамин С с L-карнитином таблетки быстрорастворимые 4г N 17', 'Объем': '4г'}","Главная,Каталог,Медикаменты и БАДы,Витамины и микроэлементы,Витамины комплексные (мультивитамины)","{'current': 450.0, 'orignial': None, 'sale_tag': {'Скидка': 'None%'}}","{'in_stock': True, 'count': 'Unknown'}","{'main_image': '/images/goods/667743955.jpg', 'set_images': None}",{'__description': []}
1659192888.527949,/catalog/Maslo_sprey-dlya-oblegcheniya-dyhaniya-kompozitsiya-naturalnyh-efirnyh-masel-45-ml_399548774/pharmacies,"{'Название': 'Маска медицинская одноразовая нестерильная трехслойная N 10', 'Объем': '10'}","['Главная', 'Каталог', 'Изделия медицинского назначения', 'Маски медицинские', None]","{'current': 100.0, 'orignial': None, 'sale_tag': {'Скидка': 'None%'}}","{'in_stock': True, 'count': 'Unknown'}","{'main_image': '/images/goods/688041179.jpg', 'set_images': None}",{'__description': []}
1659192888.527949,/catalog/Maslo_sprey-dlya-oblegcheniya-dyhaniya-kompozitsiya-naturalnyh-efirnyh-masel-45-ml_399548774/pharmacies,"{'Название': 'Либридерм витамин F гигиеническая помада восстанавливающая жирная 4г', 'Объем': '4г'}","['Главная', 'Каталог', 'Косметика', 'Средства для губ', None]","{'current': 185.0, 'orignial': None, 'sale_tag': {'Скидка': 'None%'}}","{'in_stock': True, 'count': 'Unknown'}","{'main_image': '/images/goods/819049171.jpg', 'set_images': None}",{'__description': ['\xa0']}
1659192888.527949,/catalog/Maslo_sprey-dlya-oblegcheniya-dyhaniya-kompozitsiya-naturalnyh-efirnyh-masel-45-ml_399548774/pharmacies,"{'Название': 'Нолипрел А форте тб 5мг/1.25мг N 30', 'Объем': '5мг'}","Главная,Каталог,Медикаменты и БАДы,Заболевания сердечно-сосудистой системы,От давления","{'current': 784.2, 'orignial': None, 'sale_tag': {'Скидка': 'None%'}}","{'in_stock': True, 'count': 'Unknown'}","{'main_image': '/images/goods/51198578.jpg', 'set_images': None}",{'__description': []}
1659192888.527949,/catalog/Maslo_sprey-dlya-oblegcheniya-dyhaniya-kompozitsiya-naturalnyh-efirnyh-masel-45-ml_399548774/pharmacies,"{'Название': 'Маска медицинская нестерильная одноразовая N 50', 'Объем': '50'}","['Главная', 'Каталог', 'Изделия медицинского назначения', 'Маски медицинские', None]","{'current': 500.0, 'orignial': None, 'sale_tag': {'Скидка': 'None%'}}","{'in_stock': True, 'count': 'Unknown'}","{'main_image': '/images/goods/497589534.jpg', 'set_images': None}",{'__description': []}
1659192888.527949,/catalog/Maslo_sprey-dlya-oblegcheniya-dyhaniya-kompozitsiya-naturalnyh-efirnyh-masel-45-ml_399548774/pharmacies,"{'Название': 'Нолипрел А форте тб 5мг/1.25мг N 30', 'Объем': '5мг'}","Главная,Каталог,Медикаменты и БАДы,Заболевания сердечно-сосудистой системы,От давления","{'current': 784.2, 'orignial': None, 'sale_tag': {'Скидка': 'None%'}}","{'in_stock': True, 'count': 'Unknown'}","{'main_image': '/images/goods/51198578.jpg', 'set_images': None}",{'__description': []}
1659192888.527949,/catalog/Maslo_sprey-dlya-oblegcheniya-dyhaniya-kompozitsiya-naturalnyh-efirnyh-masel-45-ml_399548774/pharmacies,"{'Название': 'Липримар тб п/о плен 40мг N 30', 'Объем': '40мг'}","Главная,Каталог,Медикаменты и БАДы,Заболевания сердечно-сосудистой системы,Статины","{'current': 424.2, 'orignial': None, 'sale_tag': {'Скидка': 'None%'}}","{'in_stock': True, 'count': 'Unknown'}","{'main_image': '/images/goods/563523763.jpg', 'set_images': None}",{'__description': []}
1659192888.527949,/catalog/Maslo_sprey-dlya-oblegcheniya-dyhaniya-kompozitsiya-naturalnyh-efirnyh-masel-45-ml_399548774/pharmacies,"{'Название': 'Маска медицинская нестерильная одноразовая N 50', 'Объем': '50'}","['Главная', 'Каталог', 'Изделия медицинского назначения', 'Маски медицинские', None]","{'current': 500.0, 'orignial': None, 'sale_tag': {'Скидка': 'None%'}}","{'in_stock': True, 'count': 'Unknown'}","{'main_image': '/images/goods/497589534.jpg', 'set_images': None}",{'__description': []}
1659192888.527949,/catalog/Maslo_sprey-dlya-oblegcheniya-dyhaniya-kompozitsiya-naturalnyh-efirnyh-masel-45-ml_399548774/pharmacies,"{'Название': 'Маска медицинская нестерильнная одноразовая N 50', 'Объем': '50'}","['Главная', 'Каталог', 'Изделия медицинского назначения', 'Маски медицинские', None]","{'current': 500.0, 'orignial': None, 'sale_tag': {'Скидка': 'None%'}}","{'in_stock': True, 'count': 'Unknown'}","{'main_image': '/images/goods/497581609.jpg', 'set_images': None}","{'__description': ['Трехслойная маска, из нетканного материала, нестерильная, с носовым фиксатором и на эластичных ушных петлях.']}"
1659192888.527949,/catalog/Maslo_sprey-dlya-oblegcheniya-dyhaniya-kompozitsiya-naturalnyh-efirnyh-masel-45-ml_399548774/pharmacies,"{'Название': 'Липримар тб п/о плен 40мг N 30', 'Объем': '40мг'}","Главная,Каталог,Медикаменты и БАДы,Заболевания сердечно-сосудистой системы,Статины","{'current': 424.2, 'orignial': None, 'sale_tag': {'Скидка': 'None%'}}","{'in_stock': True, 'count': 'Unknown'}","{'main_image': '/images/goods/563523763.jpg', 'set_images': None}",{'__description': []}
1659192888.527949,/catalog/Maslo_sprey-dlya-oblegcheniya-dyhaniya-kompozitsiya-naturalnyh-efirnyh-masel-45-ml_399548774/pharmacies,"{'Название': 'Бахилы 2-х слойные однораз синие п/э пара N 50', 'Объем': '50'}","['Главная', 'Каталог', 'Изделия медицинского назначения', 'Бахилы', None]","{'current': 350.0, 'orignial': None, 'sale_tag': {'Скидка': 'None%'}}","{'in_stock': True, 'count': 'Unknown'}","{'main_image': '/images/goods/714919826.jpg', 'set_images': None}",{'__description': []}
1659192888.527949,/catalog/Maslo_sprey-dlya-oblegcheniya-dyhaniya-kompozitsiya-naturalnyh-efirnyh-masel-45-ml_399548774/pharmacies,"{'Название': 'Бахилы 2-х слойные однораз синие п/э пара N 50', 'Объем': '50'}","['Главная', 'Каталог', 'Изделия медицинского назначения', 'Бахилы', None]","{'current': 350.0, 'orignial': None, 'sale_tag': {'Скидка': 'None%'}}","{'in_stock': True, 'count': 'Unknown'}","{'main_image': '/images/goods/714919826.jpg', 'set_images': None}",{'__description': []}
1659192888.527949,/catalog/Maslo_sprey-dlya-oblegcheniya-dyhaniya-kompozitsiya-naturalnyh-efirnyh-masel-45-ml_399548774/pharmacies,"{'Название': 'Маска медицинская нестерильнная одноразовая N 50', 'Объем': '50'}","['Главная', 'Каталог', 'Изделия медицинского назначения', 'Маски медицинские', None]","{'current': 500.0, 'orignial': None, 'sale_tag': {'Скидка': 'None%'}}","{'in_stock': True, 'count': 'Unknown'}","{'main_image': '/images/goods/497581609.jpg', 'set_images': None}","{'__description': ['Трехслойная маска, из нетканного материала, нестерильная, с носовым фиксатором и на эластичных ушных петлях.']}"
1659192888.527949,/catalog/Maslo_sprey-dlya-oblegcheniya-dyhaniya-kompozitsiya-naturalnyh-efirnyh-masel-45-ml_399548774/pharmacies,"{'Название': 'Цинкорол таб п/о плен N 30', 'Объем': '30'}","Главная,Каталог,Медикаменты и БАДы,Витамины и микроэлементы,Витамины другие","{'current': 189.0, 'orignial': None, 'sale_tag': {'Скидка': 'None%'}}","{'in_stock': True, 'count': 'Unknown'}","{'main_image': '/images/goods/757751702.jpg', 'set_images': None}",{'__description': ['\r\n\t\xa0']}
1659192888.527949,/catalog/Maslo_sprey-dlya-oblegcheniya-dyhaniya-kompozitsiya-naturalnyh-efirnyh-masel-45-ml_399548774/pharmacies,"{'Название': 'Цинкорол таб п/о плен N 30', 'Объем': '30'}","Главная,Каталог,Медикаменты и БАДы,Витамины и микроэлементы,Витамины другие","{'current': 189.0, 'orignial': None, 'sale_tag': {'Скидка': 'None%'}}","{'in_stock': True, 'count': 'Unknown'}","{'main_image': '/images/goods/757751702.jpg', 'set_images': None}",{'__description': ['\r\n\t\xa0']}
1659192888.527949,/catalog/Maslo_sprey-dlya-oblegcheniya-dyhaniya-kompozitsiya-naturalnyh-efirnyh-masel-45-ml_399548774/pharmacies,"{'Название': 'Виагра тб 0.1г', 'Объем': '1г'}","['Главная', 'Каталог', 'Медикаменты и БАДы', 'Заболевания мочеполовой системы', None]","{'current': 808.0, 'orignial': None, 'sale_tag': {'Скидка': 'None%'}}","{'in_stock': True, 'count': 'Unknown'}","{'main_image': '/images/goods/23904784.jpg', 'set_images': None}",{'__description': []}
1659192888.527949,/catalog/Maslo_sprey-dlya-oblegcheniya-dyhaniya-kompozitsiya-naturalnyh-efirnyh-masel-45-ml_399548774/pharmacies,"{'Название': 'Маска медицинская нестерильная одноразовая N 50', 'Объем': '50'}","['Главная', 'Каталог', 'Изделия медицинского назначения', 'Маски медицинские', None]","{'current': 500.0, 'orignial': None, 'sale_tag': {'Скидка': 'None%'}}","{'in_stock': True, 'count': 'Unknown'}","{'main_image': '/images/goods/497584067.jpg', 'set_images': None}","{'__description': ['Трехслойная маска, из нетканного материала, нестерильная, с носовым фиксатором и на эластичных ушных петлях.']}"
1659192888.527949,/catalog/Maslo_sprey-dlya-oblegcheniya-dyhaniya-kompozitsiya-naturalnyh-efirnyh-masel-45-ml_399548774/pharmacies,"{'Название': 'Виагра тб 0.1г', 'Объем': '1г'}","['Главная', 'Каталог', 'Медикаменты и БАДы', 'Заболевания мочеполовой системы', None]","{'current': 808.0, 'orignial': None, 'sale_tag': {'Скидка': 'None%'}}","{'in_stock': True, 'count': 'Unknown'}","{'main_image': '/images/goods/23904784.jpg', 'set_images': None}",{'__description': []}
1659192888.527949,/catalog/Maslo_sprey-dlya-oblegcheniya-dyhaniya-kompozitsiya-naturalnyh-efirnyh-masel-45-ml_399548774/pharmacies,"{'Название': 'Бахилы медицинские однораз прочные розовые п/э пара N 50', 'Объем': '50'}","['Главная', 'Каталог', 'Изделия медицинского назначения', 'Бахилы', None]","{'current': 359.0, 'orignial': None, 'sale_tag': {'Скидка': 'None%'}}","{'in_stock': True, 'count': 'Unknown'}","{'main_image': '/images/goods/714889826.jpg', 'set_images': None}",{'__description': []}
1659192888.527949,/catalog/Maslo_sprey-dlya-oblegcheniya-dyhaniya-kompozitsiya-naturalnyh-efirnyh-masel-45-ml_399548774/pharmacies,"{'Название': 'Бахилы медицинские однораз прочные розовые п/э пара N 50', 'Объем': '50'}","['Главная', 'Каталог', 'Изделия медицинского назначения', 'Бахилы', None]","{'current': 359.0, 'orignial': None, 'sale_tag': {'Скидка': 'None%'}}","{'in_stock': True, 'count': 'Unknown'}","{'main_image': '/images/goods/714889826.jpg', 'set_images': None}",{'__description': []}
1659192888.527949,/catalog/Maslo_sprey-dlya-oblegcheniya-dyhaniya-kompozitsiya-naturalnyh-efirnyh-masel-45-ml_399548774/pharmacies,"{'Название': 'Маска медицинская нестерильная одноразовая N 50', 'Объем': '50'}","['Главная', 'Каталог', 'Изделия медицинского назначения', 'Маски медицинские', None]","{'current': 500.0, 'orignial': None, 'sale_tag': {'Скидка': 'None%'}}","{'in_stock': True, 'count': 'Unknown'}","{'main_image': '/images/goods/497584067.jpg', 'set_images': None}","{'__description': ['Трехслойная маска, из нетканного материала, нестерильная, с носовым фиксатором и на эластичных ушных петлях.']}"
1659192888.527949,/catalog/Maslo_sprey-dlya-oblegcheniya-dyhaniya-kompozitsiya-naturalnyh-efirnyh-masel-45-ml_399548774/pharmacies,"{'Название': 'Plastofarm лейкопластырь медицинский фиксирующий тканевая основа 3х500см', 'Объем': '3х5'}","Главная,Каталог,Перевязочные средства,Лейкопластыри,Пластыри фиксирующие","{'current': 42.5, 'orignial': None, 'sale_tag': {'Скидка': 'None%'}}","{'in_stock': True, 'count': 'Unknown'}","{'main_image': '/images/goods/619342581.jpg', 'set_images': None}","{'__description': ['Основа лейкопластыря - специально обработанная отбеленная хлопковая ткань. После обработки ткань становится тоньше, более плотно прилегает к месту фиксации, что позволяет использовать меньшее количество адгезивного слоя без ухудшения потребительских свойств продукции, снижая риск возможного раздражения. Пропускает воздух и влагу, позволяя коже «дышать», не вызывая мацерации.']}"
1659192888.527949,/catalog/Maslo_sprey-dlya-oblegcheniya-dyhaniya-kompozitsiya-naturalnyh-efirnyh-masel-45-ml_399548774/pharmacies,"{'Название': 'АС Пустырник П драже 200 мг N 60', 'Объем': '200'}","Главная,Каталог,Медикаменты и БАДы,Антистрессовое действие,Успокоительные","{'current': 121.5, 'orignial': None, 'sale_tag': {'Скидка': 'None%'}}","{'in_stock': True, 'count': 'Unknown'}","{'main_image': '/images/goods/328043805.jpg', 'set_images': None}",{'__description': []}
1659192888.527949,/catalog/Maslo_sprey-dlya-oblegcheniya-dyhaniya-kompozitsiya-naturalnyh-efirnyh-masel-45-ml_399548774/pharmacies,"{'Название': 'Нафтифин раствор для наруж прим 1% 10мл', 'Объем': '10мл'}","['Главная', 'Каталог', 'Медикаменты и БАДы', 'Противогрибковые средства', None]","{'current': 436.5, 'orignial': None, 'sale_tag': {'Скидка': 'None%'}}","{'in_stock': True, 'count': 'Unknown'}","{'main_image': '/images/goods/293394680.jpg', 'set_images': None}",{'__description': ['\r\n\tПротивогрибковый препарат для наружного применения.']}
1659192888.527949,/catalog/Maslo_sprey-dlya-oblegcheniya-dyhaniya-kompozitsiya-naturalnyh-efirnyh-masel-45-ml_399548774/pharmacies,"{'Название': 'АС Пустырник П драже 200 мг N 60', 'Объем': '200'}","Главная,Каталог,Медикаменты и БАДы,Антистрессовое действие,Успокоительные","{'current': 121.5, 'orignial': None, 'sale_tag': {'Скидка': 'None%'}}","{'in_stock': True, 'count': 'Unknown'}","{'main_image': '/images/goods/328043805.jpg', 'set_images': None}",{'__description': []}
1659192888.527949,/catalog/Maslo_sprey-dlya-oblegcheniya-dyhaniya-kompozitsiya-naturalnyh-efirnyh-masel-45-ml_399548774/pharmacies,"{'Название': 'Нафтифин раствор для наруж прим 1% 10мл', 'Объем': '10мл'}","['Главная', 'Каталог', 'Медикаменты и БАДы', 'Противогрибковые средства', None]","{'current': 436.5, 'orignial': None, 'sale_tag': {'Скидка': 'None%'}}","{'in_stock': True, 'count': 'Unknown'}","{'main_image': '/images/goods/293394680.jpg', 'set_images': None}",{'__description': ['\r\n\tПротивогрибковый препарат для наружного применения.']}
1659192888.527949,/catalog/Maslo_sprey-dlya-oblegcheniya-dyhaniya-kompozitsiya-naturalnyh-efirnyh-masel-45-ml_399548774/pharmacies,"{'Название': 'Plastofarm лейкопластырь медицинский фиксирующий тканевая основа 3х500см', 'Объем': '3х5'}","Главная,Каталог,Перевязочные средства,Лейкопластыри,Пластыри фиксирующие","{'current': 42.5, 'orignial': None, 'sale_tag': {'Скидка': 'None%'}}","{'in_stock': True, 'count': 'Unknown'}","{'main_image': '/images/goods/619342581.jpg', 'set_images': None}","{'__description': ['Основа лейкопластыря - специально обработанная отбеленная хлопковая ткань. После обработки ткань становится тоньше, более плотно прилегает к месту фиксации, что позволяет использовать меньшее количество адгезивного слоя без ухудшения потребительских свойств продукции, снижая риск возможного раздражения. Пропускает воздух и влагу, позволяя коже «дышать», не вызывая мацерации.']}"
1659192888.527949,/catalog/Maslo_sprey-dlya-oblegcheniya-dyhaniya-kompozitsiya-naturalnyh-efirnyh-masel-45-ml_399548774/pharmacies,"{'Название': 'Аптечный стандарт эфирное масло можжевельник 10мл', 'Объем': '10мл'}","Главная,Каталог,Косметика,Масла косметические,Эфирное масло","{'current': 90.0, 'orignial': None, 'sale_tag': {'Скидка': 'None%'}}","{'in_stock': True, 'count': 'Unknown'}","{'main_image': '/images/goods/636291494.jpg', 'set_images': None}",{'__description': []}
1659192888.527949,/catalog/Maslo_sprey-dlya-oblegcheniya-dyhaniya-kompozitsiya-naturalnyh-efirnyh-masel-45-ml_399548774/pharmacies,"{'Название': 'Аптечный стандарт эфирное масло эвкалипт 10мл', 'Объем': '10мл'}","Главная,Каталог,Косметика,Масла косметические,Эфирное масло","{'current': 90.0, 'orignial': None, 'sale_tag': {'Скидка': 'None%'}}","{'in_stock': True, 'count': 'Unknown'}","{'main_image': '/images/goods/477051494.jpg', 'set_images': None}","{'__description': ['Эвкалипт поражает своей мощью, великолепием, ведь это самое высокое дерево в мире. Существует свыше 600 различных видов эвкалипта и каждый имеет свой особенный запах.']}"
1659192888.527949,/catalog/Maslo_sprey-dlya-oblegcheniya-dyhaniya-kompozitsiya-naturalnyh-efirnyh-masel-45-ml_399548774/pharmacies,"{'Название': 'АнвиМакс со вкусом клюквы порошок N 6', 'Объем': None}","Главная,Каталог,Медикаменты и БАДы,Простудные заболевания,Горячие напитки при простуде","{'current': 263.8, 'orignial': None, 'sale_tag': {'Скидка': 'None%'}}","{'in_stock': True, 'count': 'Unknown'}","{'main_image': '/images/goods/750542685.jpg', 'set_images': None}",{'__description': []}
1659192888.527949,/catalog/Maslo_sprey-dlya-oblegcheniya-dyhaniya-kompozitsiya-naturalnyh-efirnyh-masel-45-ml_399548774/pharmacies,"{'Название': 'Аптечный стандарт эфирное масло можжевельник 10мл', 'Объем': '10мл'}","Главная,Каталог,Косметика,Масла косметические,Эфирное масло","{'current': 90.0, 'orignial': None, 'sale_tag': {'Скидка': 'None%'}}","{'in_stock': True, 'count': 'Unknown'}","{'main_image': '/images/goods/636291494.jpg', 'set_images': None}",{'__description': []}
